timestamp, name, memory.total [MiB], memory.used [MiB], utilization.gpu [%]
2026/09/29 20:26:00.644, Tesla T4, 15360 MiB, 3 MiB, 0 %
2026/09/29 20:26:01.148, Tesla T4, 15360 MiB, 3 MiB, 0 %
2026/09/29 20:26:01.650, Tesla T4, 15360 MiB, 3 MiB, 0 %
2026/09/29 20:26:02.153, Tesla T4, 15360 MiB, 3 MiB, 0 %
2026/09/29 20:26:02.655, Tesla T4, 15360 MiB, 3 MiB, 0 %
2026/09/29 20:26:03.158, Tesla T4, 15360 MiB, 3 MiB, 0 %
2026/09/29 20:26:03.660, Tesla T4, 15360 MiB, 3 MiB, 0 %
2026/09/29 20:26:04.163, Tesla T4, 15360 MiB, 3 MiB, 0 %
2026/09/29 20:26:04.666, Tesla T4, 15360 MiB, 3 MiB, 0 %
2026/09/29 20:26:05.170, Tesla T4, 15360 MiB, 3 MiB, 0 %
2026/09/29 20:26:05.672, Tesla T4, 15360 MiB, 3 MiB, 0 %
2026/09/29 20:26:06.175, Tesla T4, 15360 MiB, 3 MiB, 0 %
2026/09/29 20:26:06.679, Tesla T4, 15360 MiB, 3 MiB, 0 %
2026/09/29 20:26:07.181, Tesla T4, 15360 MiB, 3 MiB, 0 %
2026/09/29 20:26:07.684, Tesla T4, 15360 MiB, 3 MiB, 0 %
2026/09/29 20:26:08.187, Tesla T4, 15360 MiB, 3 MiB, 0 %
2026/09/29 20:26:08.689, Tesla T4, 15360 MiB, 3 MiB, 0 %
2026/09/29 20:26:09.192, Tesla T4, 15360 MiB, 3 MiB, 0 %
2026/09/29 20:26:09.696, Tesla T4, 15360 MiB, 3 MiB, 0 %
2026/09/29 20:26:10.201, Tesla T4, 15360 MiB, 3 MiB, 0 %
2026/09/29 20:26:10.704, Tesla T4, 15360 MiB, 3 MiB, 0 %
2026/09/29 20:26:11.207, Tesla T4, 15360 MiB, 3 MiB, 0 %
2026/09/29 20:26:11.710, Tesla T4, 15360 MiB, 3 MiB, 0 %
2026/09/29 20:26:12.213, Tesla T4, 15360 MiB, 3 MiB, 0 %
2026/09/29 20:26:12.715, Tesla T4, 15360 MiB, 3 MiB, 0 %
2026/09/29 20:26:13.218, Tesla T4, 15360 MiB, 3 MiB, 0 %
2026/09/29 20:26:13.720, Tesla T4, 15360 MiB, 3 MiB, 0 %
2026/09/29 20:26:14.223, Tesla T4, 15360 MiB, 3 MiB, 0 %
2026/09/29 20:26:14.726, Tesla T4, 15360 MiB, 3 MiB, 0 %
2026/09/29 20:26:15.228, Tesla T4, 15360 MiB, 3 MiB, 0 %
2026/09/29 20:26:15.731, Tesla T4, 15360 MiB, 3 MiB, 0 %
2026/09/29 20:26:16.234, Tesla T4, 15360 MiB, 3 MiB, 0 %
2026/09/29 20:26:16.736, Tesla T4, 15360 MiB, 3 MiB, 0 %
2026/09/29 20:26:17.239, Tesla T4, 15360 MiB, 3 MiB, 0 %
2026/09/29 20:26:17.742, Tesla T4, 15360 MiB, 3 MiB, 0 %
2026/09/29 20:26:18.249, Tesla T4, 15360 MiB, 3 MiB, 0 %
2026/09/29 20:26:18.755, Tesla T4, 15360 MiB, 3 MiB, 0 %
2026/09/29 20:26:19.263, Tesla T4, 15360 MiB, 3 MiB, 0 %
2026/09/29 20:26:19.769, Tesla T4, 15360 MiB, 3 MiB, 0 %
2026/09/29 20:26:20.277, Tesla T4, 15360 MiB, 3 MiB, 0 %
2026/09/29 20:26:20.780, Tesla T4, 15360 MiB, 3 MiB, 0 %
2026/09/29 20:26:21.283, Tesla T4, 15360 MiB, 3 MiB, 0 %
2026/09/29 20:26:21.785, Tesla T4, 15360 MiB, 3 MiB, 0 %
2026/09/29 20:26:22.288, Tesla T4, 15360 MiB, 3 MiB, 0 %
2026/09/29 20:26:22.791, Tesla T4, 15360 MiB, 3 MiB, 0 %
2026/09/29 20:26:23.294, Tesla T4, 15360 MiB, 3 MiB, 0 %
2026/09/29 20:26:23.796, Tesla T4, 15360 MiB, 3 MiB, 0 %
2026/09/29 20:26:24.299, Tesla T4, 15360 MiB, 3 MiB, 0 %
2026/09/29 20:26:24.801, Tesla T4, 15360 MiB, 3 MiB, 0 %
2026/09/29 20:26:25.304, Tesla T4, 15360 MiB, 3 MiB, 0 %
2026/09/29 20:26:25.807, Tesla T4, 15360 MiB, 3 MiB, 0 %
2026/09/29 20:26:26.310, Tesla T4, 15360 MiB, 3 MiB, 0 %
2026/09/29 20:26:26.817, Tesla T4, 15360 MiB, 3 MiB, 0 %
2026/09/29 20:26:27.319, Tesla T4, 15360 MiB, 3 MiB, 0 %
2026/09/29 20:26:27.822, Tesla T4, 15360 MiB, 3 MiB, 0 %
2026/09/29 20:26:28.324, Tesla T4, 15360 MiB, 3 MiB, 0 %
2026/09/29 20:26:28.827, Tesla T4, 15360 MiB, 3 MiB, 0 %
2026/09/29 20:26:29.329, Tesla T4, 15360 MiB, 3 MiB, 0 %
2026/09/29 20:26:29.832, Tesla T4, 15360 MiB, 3 MiB, 0 %
2026/09/29 20:26:30.334, Tesla T4, 15360 MiB, 3 MiB, 0 %
2026/09/29 20:26:30.840, Tesla T4, 15360 MiB, 3 MiB, 0 %
2026/09/29 20:26:31.344, Tesla T4, 15360 MiB, 3 MiB, 0 %
2026/09/29 20:26:31.849, Tesla T4, 15360 MiB, 3 MiB, 0 %
2026/09/29 20:26:32.355, Tesla T4, 15360 MiB, 3 MiB, 0 %
2026/09/29 20:26:32.861, Tesla T4, 15360 MiB, 3 MiB, 0 %
2026/09/29 20:26:33.367, Tesla T4, 15360 MiB, 3 MiB, 0 %
2026/09/29 20:26:33.869, Tesla T4, 15360 MiB, 3 MiB, 0 %
2026/09/29 20:26:34.372, Tesla T4, 15360 MiB, 3 MiB, 0 %
2026/09/29 20:26:34.874, Tesla T4, 15360 MiB, 3 MiB, 0 %
2026/09/29 20:26:35.377, Tesla T4, 15360 MiB, 3 MiB, 0 %
2026/09/29 20:26:35.879, Tesla T4, 15360 MiB, 3 MiB, 0 %
2026/09/29 20:26:36.382, Tesla T4, 15360 MiB, 3 MiB, 0 %
2026/09/29 20:26:36.885, Tesla T4, 15360 MiB, 3 MiB, 0 %
2026/09/29 20:26:37.388, Tesla T4, 15360 MiB, 203 MiB, 6 %
2026/09/29 20:26:37.889, Tesla T4, 15360 MiB, 599 MiB, 46 %
2026/09/29 20:26:38.391, Tesla T4, 15360 MiB, 599 MiB, 2 %
2026/09/29 20:26:38.892, Tesla T4, 15360 MiB, 599 MiB, 2 %
2026/09/29 20:26:39.394, Tesla T4, 15360 MiB, 599 MiB, 2 %
2026/09/29 20:26:39.896, Tesla T4, 15360 MiB, 605 MiB, 1 %
2026/09/29 20:26:40.397, Tesla T4, 15360 MiB, 605 MiB, 0 %
2026/09/29 20:26:40.899, Tesla T4, 15360 MiB, 605 MiB, 0 %
2026/09/29 20:26:41.401, Tesla T4, 15360 MiB, 605 MiB, 0 %
2026/09/29 20:26:41.904, Tesla T4, 15360 MiB, 605 MiB, 0 %
2026/09/29 20:26:42.405, Tesla T4, 15360 MiB, 605 MiB, 0 %
2026/09/29 20:26:42.907, Tesla T4, 15360 MiB, 605 MiB, 0 %
2026/09/29 20:26:43.408, Tesla T4, 15360 MiB, 605 MiB, 0 %
2026/09/29 20:26:43.910, Tesla T4, 15360 MiB, 605 MiB, 0 %
2026/09/29 20:26:44.411, Tesla T4, 15360 MiB, 605 MiB, 0 %
2026/09/29 20:26:44.913, Tesla T4, 15360 MiB, 605 MiB, 0 %
2026/09/29 20:26:45.414, Tesla T4, 15360 MiB, 605 MiB, 0 %
2026/09/29 20:26:45.916, Tesla T4, 15360 MiB, 815 MiB, 0 %
2026/09/29 20:26:46.417, Tesla T4, 15360 MiB, 815 MiB, 0 %
2026/09/29 20:26:46.918, Tesla T4, 15360 MiB, 815 MiB, 0 %
2026/09/29 20:26:47.420, Tesla T4, 15360 MiB, 815 MiB, 0 %
2026/09/29 20:26:47.921, Tesla T4, 15360 MiB, 815 MiB, 0 %
2026/09/29 20:26:48.423, Tesla T4, 15360 MiB, 815 MiB, 0 %
2026/09/29 20:26:48.924, Tesla T4, 15360 MiB, 815 MiB, 0 %
2026/09/29 20:26:49.426, Tesla T4, 15360 MiB, 819 MiB, 0 %
2026/09/29 20:26:49.927, Tesla T4, 15360 MiB, 819 MiB, 0 %
2026/09/29 20:26:50.429, Tesla T4, 15360 MiB, 819 MiB, 0 %
2026/09/29 20:26:50.931, Tesla T4, 15360 MiB, 819 MiB, 0 %
2026/09/29 20:26:51.432, Tesla T4, 15360 MiB, 819 MiB, 0 %
2026/09/29 20:26:51.934, Tesla T4, 15360 MiB, 819 MiB, 0 %
2026/09/29 20:26:52.436, Tesla T4, 15360 MiB, 825 MiB, 8 %
2026/09/29 20:26:52.937, Tesla T4, 15360 MiB, 825 MiB, 43 %
2026/09/29 20:26:53.439, Tesla T4, 15360 MiB, 825 MiB, 40 %
2026/09/29 20:26:53.941, Tesla T4, 15360 MiB, 825 MiB, 40 %
2026/09/29 20:26:54.443, Tesla T4, 15360 MiB, 825 MiB, 39 %
2026/09/29 20:26:54.944, Tesla T4, 15360 MiB, 825 MiB, 42 %
2026/09/29 20:26:55.447, Tesla T4, 15360 MiB, 825 MiB, 38 %
2026/09/29 20:26:55.949, Tesla T4, 15360 MiB, 825 MiB, 35 %
2026/09/29 20:26:56.451, Tesla T4, 15360 MiB, 825 MiB, 30 %
2026/09/29 20:26:56.953, Tesla T4, 15360 MiB, 825 MiB, 39 %
2026/09/29 20:26:57.457, Tesla T4, 15360 MiB, 825 MiB, 37 %
2026/09/29 20:26:57.963, Tesla T4, 15360 MiB, 825 MiB, 34 %
2026/09/29 20:26:58.465, Tesla T4, 15360 MiB, 825 MiB, 37 %
2026/09/29 20:26:58.966, Tesla T4, 15360 MiB, 897 MiB, 4 %
2026/09/29 20:26:59.468, Tesla T4, 15360 MiB, 955 MiB, 50 %
2026/09/29 20:26:59.969, Tesla T4, 15360 MiB, 2419 MiB, 16 %
2026/09/29 20:27:00.471, Tesla T4, 15360 MiB, 2419 MiB, 48 %
2026/09/29 20:27:00.972, Tesla T4, 15360 MiB, 3585 MiB, 39 %
2026/09/29 20:27:01.474, Tesla T4, 15360 MiB, 3585 MiB, 56 %
2026/09/29 20:27:01.975, Tesla T4, 15360 MiB, 3585 MiB, 41 %
2026/09/29 20:27:02.477, Tesla T4, 15360 MiB, 3587 MiB, 45 %
2026/09/29 20:27:02.978, Tesla T4, 15360 MiB, 3587 MiB, 43 %
2026/09/29 20:27:03.480, Tesla T4, 15360 MiB, 3587 MiB, 51 %
2026/09/29 20:27:03.982, Tesla T4, 15360 MiB, 3587 MiB, 43 %
2026/09/29 20:27:04.483, Tesla T4, 15360 MiB, 3587 MiB, 43 %
2026/09/29 20:27:04.984, Tesla T4, 15360 MiB, 3587 MiB, 39 %
2026/09/29 20:27:05.485, Tesla T4, 15360 MiB, 3587 MiB, 41 %
2026/09/29 20:27:05.987, Tesla T4, 15360 MiB, 3587 MiB, 39 %
2026/09/29 20:27:06.488, Tesla T4, 15360 MiB, 3587 MiB, 40 %
2026/09/29 20:27:06.989, Tesla T4, 15360 MiB, 3587 MiB, 40 %
2026/09/29 20:27:07.491, Tesla T4, 15360 MiB, 3587 MiB, 45 %
2026/09/29 20:27:07.992, Tesla T4, 15360 MiB, 3587 MiB, 44 %
2026/09/29 20:27:08.494, Tesla T4, 15360 MiB, 3587 MiB, 43 %
2026/09/29 20:27:08.996, Tesla T4, 15360 MiB, 4771 MiB, 54 %
2026/09/29 20:27:09.499, Tesla T4, 15360 MiB, 5363 MiB, 46 %
2026/09/29 20:27:10.001, Tesla T4, 15360 MiB, 5953 MiB, 50 %
2026/09/29 20:27:10.502, Tesla T4, 15360 MiB, 5953 MiB, 48 %
2026/09/29 20:27:11.007, Tesla T4, 15360 MiB, 5953 MiB, 45 %
2026/09/29 20:27:11.508, Tesla T4, 15360 MiB, 5953 MiB, 46 %
2026/09/29 20:27:12.009, Tesla T4, 15360 MiB, 5953 MiB, 47 %
2026/09/29 20:27:12.514, Tesla T4, 15360 MiB, 5953 MiB, 55 %
2026/09/29 20:27:13.016, Tesla T4, 15360 MiB, 5957 MiB, 52 %
2026/09/29 20:27:13.517, Tesla T4, 15360 MiB, 5979 MiB, 39 %
2026/09/29 20:27:14.018, Tesla T4, 15360 MiB, 5983 MiB, 39 %
2026/09/29 20:27:14.520, Tesla T4, 15360 MiB, 5985 MiB, 41 %
2026/09/29 20:27:15.021, Tesla T4, 15360 MiB, 5985 MiB, 40 %
2026/09/29 20:27:15.522, Tesla T4, 15360 MiB, 5985 MiB, 38 %
2026/09/29 20:27:16.023, Tesla T4, 15360 MiB, 5985 MiB, 36 %
2026/09/29 20:27:16.525, Tesla T4, 15360 MiB, 5985 MiB, 53 %
2026/09/29 20:27:17.026, Tesla T4, 15360 MiB, 5985 MiB, 41 %
2026/09/29 20:27:17.527, Tesla T4, 15360 MiB, 5987 MiB, 8 %
2026/09/29 20:27:18.029, Tesla T4, 15360 MiB, 5987 MiB, 38 %
2026/09/29 20:27:18.530, Tesla T4, 15360 MiB, 5987 MiB, 38 %
2026/09/29 20:27:19.031, Tesla T4, 15360 MiB, 5987 MiB, 43 %
2026/09/29 20:27:19.532, Tesla T4, 15360 MiB, 5987 MiB, 35 %
2026/09/29 20:27:20.034, Tesla T4, 15360 MiB, 5987 MiB, 40 %
2026/09/29 20:27:20.536, Tesla T4, 15360 MiB, 5987 MiB, 41 %
2026/09/29 20:27:21.039, Tesla T4, 15360 MiB, 5987 MiB, 39 %
2026/09/29 20:27:21.541, Tesla T4, 15360 MiB, 5987 MiB, 41 %
2026/09/29 20:27:22.044, Tesla T4, 15360 MiB, 5987 MiB, 36 %
2026/09/29 20:27:22.547, Tesla T4, 15360 MiB, 5987 MiB, 37 %
2026/09/29 20:27:23.048, Tesla T4, 15360 MiB, 5987 MiB, 38 %
2026/09/29 20:27:23.550, Tesla T4, 15360 MiB, 5987 MiB, 45 %
2026/09/29 20:27:24.051, Tesla T4, 15360 MiB, 5987 MiB, 44 %
2026/09/29 20:27:24.552, Tesla T4, 15360 MiB, 5987 MiB, 38 %
2026/09/29 20:27:25.054, Tesla T4, 15360 MiB, 5987 MiB, 37 %
2026/09/29 20:27:25.555, Tesla T4, 15360 MiB, 5987 MiB, 46 %
2026/09/29 20:27:26.056, Tesla T4, 15360 MiB, 5987 MiB, 37 %
2026/09/29 20:27:26.557, Tesla T4, 15360 MiB, 5987 MiB, 43 %
2026/09/29 20:27:27.059, Tesla T4, 15360 MiB, 5987 MiB, 47 %
2026/09/29 20:27:27.560, Tesla T4, 15360 MiB, 5987 MiB, 65 %
2026/09/29 20:27:28.061, Tesla T4, 15360 MiB, 5987 MiB, 47 %
2026/09/29 20:27:28.564, Tesla T4, 15360 MiB, 5987 MiB, 44 %
2026/09/29 20:27:29.065, Tesla T4, 15360 MiB, 5987 MiB, 49 %
2026/09/29 20:27:29.566, Tesla T4, 15360 MiB, 5987 MiB, 45 %
2026/09/29 20:27:30.067, Tesla T4, 15360 MiB, 5987 MiB, 48 %
2026/09/29 20:27:30.569, Tesla T4, 15360 MiB, 5987 MiB, 49 %
2026/09/29 20:27:31.070, Tesla T4, 15360 MiB, 5987 MiB, 47 %
2026/09/29 20:27:31.571, Tesla T4, 15360 MiB, 5987 MiB, 47 %
2026/09/29 20:27:32.073, Tesla T4, 15360 MiB, 5987 MiB, 81 %
2026/09/29 20:27:32.574, Tesla T4, 15360 MiB, 5987 MiB, 55 %
2026/09/29 20:27:33.076, Tesla T4, 15360 MiB, 5987 MiB, 38 %
2026/09/29 20:27:33.578, Tesla T4, 15360 MiB, 5993 MiB, 36 %
2026/09/29 20:27:34.081, Tesla T4, 15360 MiB, 5993 MiB, 37 %
2026/09/29 20:27:34.583, Tesla T4, 15360 MiB, 5997 MiB, 40 %
2026/09/29 20:27:35.084, Tesla T4, 15360 MiB, 5997 MiB, 30 %
2026/09/29 20:27:35.585, Tesla T4, 15360 MiB, 5997 MiB, 40 %
2026/09/29 20:27:36.086, Tesla T4, 15360 MiB, 5997 MiB, 51 %
2026/09/29 20:27:36.588, Tesla T4, 15360 MiB, 5997 MiB, 47 %
2026/09/29 20:27:37.089, Tesla T4, 15360 MiB, 5997 MiB, 55 %
2026/09/29 20:27:37.591, Tesla T4, 15360 MiB, 5997 MiB, 55 %
2026/09/29 20:27:38.092, Tesla T4, 15360 MiB, 5997 MiB, 38 %
2026/09/29 20:27:38.593, Tesla T4, 15360 MiB, 5997 MiB, 39 %
2026/09/29 20:27:39.095, Tesla T4, 15360 MiB, 5997 MiB, 48 %
2026/09/29 20:27:39.596, Tesla T4, 15360 MiB, 5997 MiB, 39 %
2026/09/29 20:27:40.097, Tesla T4, 15360 MiB, 5997 MiB, 46 %
2026/09/29 20:27:40.598, Tesla T4, 15360 MiB, 5997 MiB, 55 %
2026/09/29 20:27:41.100, Tesla T4, 15360 MiB, 5997 MiB, 59 %
2026/09/29 20:27:41.602, Tesla T4, 15360 MiB, 5997 MiB, 55 %
2026/09/29 20:27:42.104, Tesla T4, 15360 MiB, 5997 MiB, 47 %
2026/09/29 20:27:42.605, Tesla T4, 15360 MiB, 5997 MiB, 42 %
2026/09/29 20:27:43.107, Tesla T4, 15360 MiB, 5997 MiB, 43 %
2026/09/29 20:27:43.610, Tesla T4, 15360 MiB, 5997 MiB, 67 %
2026/09/29 20:27:44.112, Tesla T4, 15360 MiB, 5997 MiB, 49 %
2026/09/29 20:27:44.613, Tesla T4, 15360 MiB, 5997 MiB, 43 %
2026/09/29 20:27:45.114, Tesla T4, 15360 MiB, 5997 MiB, 44 %
2026/09/29 20:27:45.616, Tesla T4, 15360 MiB, 5997 MiB, 55 %
2026/09/29 20:27:46.117, Tesla T4, 15360 MiB, 5997 MiB, 47 %
2026/09/29 20:27:46.619, Tesla T4, 15360 MiB, 5997 MiB, 41 %
2026/09/29 20:27:47.122, Tesla T4, 15360 MiB, 5997 MiB, 52 %
2026/09/29 20:27:47.624, Tesla T4, 15360 MiB, 5997 MiB, 44 %
2026/09/29 20:27:48.127, Tesla T4, 15360 MiB, 5997 MiB, 63 %
2026/09/29 20:27:48.630, Tesla T4, 15360 MiB, 5997 MiB, 46 %
2026/09/29 20:27:49.132, Tesla T4, 15360 MiB, 5997 MiB, 44 %
2026/09/29 20:27:49.633, Tesla T4, 15360 MiB, 5997 MiB, 46 %
2026/09/29 20:27:50.134, Tesla T4, 15360 MiB, 5997 MiB, 45 %
2026/09/29 20:27:50.635, Tesla T4, 15360 MiB, 5997 MiB, 61 %
2026/09/29 20:27:51.138, Tesla T4, 15360 MiB, 5997 MiB, 52 %
2026/09/29 20:27:51.640, Tesla T4, 15360 MiB, 5997 MiB, 48 %
2026/09/29 20:27:52.141, Tesla T4, 15360 MiB, 5997 MiB, 46 %
2026/09/29 20:27:52.643, Tesla T4, 15360 MiB, 7181 MiB, 48 %
2026/09/29 20:27:53.145, Tesla T4, 15360 MiB, 7181 MiB, 56 %
2026/09/29 20:27:53.646, Tesla T4, 15360 MiB, 7181 MiB, 53 %
2026/09/29 20:27:54.148, Tesla T4, 15360 MiB, 7181 MiB, 47 %
2026/09/29 20:27:54.649, Tesla T4, 15360 MiB, 7181 MiB, 48 %
2026/09/29 20:27:55.151, Tesla T4, 15360 MiB, 7181 MiB, 81 %
2026/09/29 20:27:55.652, Tesla T4, 15360 MiB, 7181 MiB, 54 %
2026/09/29 20:27:56.156, Tesla T4, 15360 MiB, 7181 MiB, 40 %
2026/09/29 20:27:56.658, Tesla T4, 15360 MiB, 7181 MiB, 39 %
2026/09/29 20:27:57.159, Tesla T4, 15360 MiB, 7181 MiB, 42 %
2026/09/29 20:27:57.661, Tesla T4, 15360 MiB, 7181 MiB, 48 %
2026/09/29 20:27:58.162, Tesla T4, 15360 MiB, 7181 MiB, 41 %
2026/09/29 20:27:58.663, Tesla T4, 15360 MiB, 7181 MiB, 38 %
2026/09/29 20:27:59.165, Tesla T4, 15360 MiB, 7181 MiB, 37 %
2026/09/29 20:27:59.667, Tesla T4, 15360 MiB, 7181 MiB, 45 %
2026/09/29 20:28:00.169, Tesla T4, 15360 MiB, 7181 MiB, 36 %
2026/09/29 20:28:00.671, Tesla T4, 15360 MiB, 7181 MiB, 37 %
2026/09/29 20:28:01.173, Tesla T4, 15360 MiB, 7181 MiB, 47 %
2026/09/29 20:28:01.674, Tesla T4, 15360 MiB, 7181 MiB, 44 %
2026/09/29 20:28:02.176, Tesla T4, 15360 MiB, 7181 MiB, 51 %
2026/09/29 20:28:02.677, Tesla T4, 15360 MiB, 7181 MiB, 49 %
2026/09/29 20:28:03.178, Tesla T4, 15360 MiB, 7181 MiB, 44 %
2026/09/29 20:28:03.680, Tesla T4, 15360 MiB, 7181 MiB, 44 %
2026/09/29 20:28:04.181, Tesla T4, 15360 MiB, 7181 MiB, 72 %
2026/09/29 20:28:04.683, Tesla T4, 15360 MiB, 7181 MiB, 51 %
2026/09/29 20:28:05.184, Tesla T4, 15360 MiB, 7181 MiB, 48 %
2026/09/29 20:28:05.685, Tesla T4, 15360 MiB, 7181 MiB, 56 %
2026/09/29 20:28:06.187, Tesla T4, 15360 MiB, 7181 MiB, 49 %
2026/09/29 20:28:06.690, Tesla T4, 15360 MiB, 7181 MiB, 56 %
2026/09/29 20:28:07.192, Tesla T4, 15360 MiB, 7181 MiB, 53 %
2026/09/29 20:28:07.693, Tesla T4, 15360 MiB, 7181 MiB, 40 %
2026/09/29 20:28:08.197, Tesla T4, 15360 MiB, 7181 MiB, 41 %
2026/09/29 20:28:08.698, Tesla T4, 15360 MiB, 7181 MiB, 57 %
2026/09/29 20:28:09.199, Tesla T4, 15360 MiB, 7181 MiB, 44 %
2026/09/29 20:28:09.701, Tesla T4, 15360 MiB, 7181 MiB, 42 %
2026/09/29 20:28:10.202, Tesla T4, 15360 MiB, 7181 MiB, 44 %
2026/09/29 20:28:10.703, Tesla T4, 15360 MiB, 7181 MiB, 44 %
2026/09/29 20:28:11.204, Tesla T4, 15360 MiB, 7181 MiB, 49 %
2026/09/29 20:28:11.707, Tesla T4, 15360 MiB, 7181 MiB, 21 %
2026/09/29 20:28:12.208, Tesla T4, 15360 MiB, 7181 MiB, 40 %
2026/09/29 20:28:12.713, Tesla T4, 15360 MiB, 7181 MiB, 42 %
2026/09/29 20:28:13.216, Tesla T4, 15360 MiB, 7181 MiB, 57 %
2026/09/29 20:28:13.720, Tesla T4, 15360 MiB, 7181 MiB, 45 %
2026/09/29 20:28:14.222, Tesla T4, 15360 MiB, 7181 MiB, 42 %
2026/09/29 20:28:14.723, Tesla T4, 15360 MiB, 7181 MiB, 50 %
2026/09/29 20:28:15.225, Tesla T4, 15360 MiB, 7181 MiB, 42 %
2026/09/29 20:28:15.726, Tesla T4, 15360 MiB, 7181 MiB, 48 %
2026/09/29 20:28:16.227, Tesla T4, 15360 MiB, 7181 MiB, 41 %
2026/09/29 20:28:16.729, Tesla T4, 15360 MiB, 7181 MiB, 42 %
2026/09/29 20:28:17.230, Tesla T4, 15360 MiB, 7181 MiB, 44 %
2026/09/29 20:28:17.731, Tesla T4, 15360 MiB, 7181 MiB, 68 %
2026/09/29 20:28:18.233, Tesla T4, 15360 MiB, 7181 MiB, 47 %
2026/09/29 20:28:18.734, Tesla T4, 15360 MiB, 7181 MiB, 39 %
2026/09/29 20:28:19.235, Tesla T4, 15360 MiB, 7181 MiB, 39 %
2026/09/29 20:28:19.737, Tesla T4, 15360 MiB, 7181 MiB, 40 %
2026/09/29 20:28:20.239, Tesla T4, 15360 MiB, 7181 MiB, 40 %
2026/09/29 20:28:20.740, Tesla T4, 15360 MiB, 7181 MiB, 45 %
2026/09/29 20:28:21.242, Tesla T4, 15360 MiB, 7181 MiB, 54 %
2026/09/29 20:28:21.743, Tesla T4, 15360 MiB, 7181 MiB, 46 %
2026/09/29 20:28:22.245, Tesla T4, 15360 MiB, 7181 MiB, 56 %
2026/09/29 20:28:22.746, Tesla T4, 15360 MiB, 7181 MiB, 55 %
2026/09/29 20:28:23.247, Tesla T4, 15360 MiB, 7181 MiB, 43 %
2026/09/29 20:28:23.748, Tesla T4, 15360 MiB, 7181 MiB, 46 %
2026/09/29 20:28:24.250, Tesla T4, 15360 MiB, 7181 MiB, 65 %
2026/09/29 20:28:24.751, Tesla T4, 15360 MiB, 7181 MiB, 46 %
2026/09/29 20:28:25.253, Tesla T4, 15360 MiB, 7181 MiB, 42 %
2026/09/29 20:28:25.756, Tesla T4, 15360 MiB, 7181 MiB, 36 %
2026/09/29 20:28:26.258, Tesla T4, 15360 MiB, 7181 MiB, 40 %
2026/09/29 20:28:26.759, Tesla T4, 15360 MiB, 7181 MiB, 65 %
2026/09/29 20:28:27.260, Tesla T4, 15360 MiB, 7181 MiB, 51 %
2026/09/29 20:28:27.762, Tesla T4, 15360 MiB, 7181 MiB, 41 %
2026/09/29 20:28:28.263, Tesla T4, 15360 MiB, 7181 MiB, 49 %
2026/09/29 20:28:28.764, Tesla T4, 15360 MiB, 7181 MiB, 43 %
2026/09/29 20:28:29.267, Tesla T4, 15360 MiB, 7181 MiB, 48 %
2026/09/29 20:28:29.768, Tesla T4, 15360 MiB, 7181 MiB, 33 %
2026/09/29 20:28:30.269, Tesla T4, 15360 MiB, 7181 MiB, 42 %
2026/09/29 20:28:30.771, Tesla T4, 15360 MiB, 7181 MiB, 41 %
2026/09/29 20:28:31.272, Tesla T4, 15360 MiB, 7181 MiB, 42 %
2026/09/29 20:28:31.774, Tesla T4, 15360 MiB, 7181 MiB, 40 %
2026/09/29 20:28:32.275, Tesla T4, 15360 MiB, 7181 MiB, 40 %
2026/09/29 20:28:32.777, Tesla T4, 15360 MiB, 7181 MiB, 40 %
2026/09/29 20:28:33.279, Tesla T4, 15360 MiB, 7181 MiB, 43 %
2026/09/29 20:28:33.780, Tesla T4, 15360 MiB, 7181 MiB, 42 %
2026/09/29 20:28:34.282, Tesla T4, 15360 MiB, 7181 MiB, 47 %
2026/09/29 20:28:34.783, Tesla T4, 15360 MiB, 7181 MiB, 46 %
2026/09/29 20:28:35.285, Tesla T4, 15360 MiB, 7181 MiB, 75 %
2026/09/29 20:28:35.786, Tesla T4, 15360 MiB, 7181 MiB, 52 %
2026/09/29 20:28:36.288, Tesla T4, 15360 MiB, 7181 MiB, 46 %
2026/09/29 20:28:36.790, Tesla T4, 15360 MiB, 7181 MiB, 41 %
2026/09/29 20:28:37.292, Tesla T4, 15360 MiB, 7181 MiB, 44 %
2026/09/29 20:28:37.794, Tesla T4, 15360 MiB, 7181 MiB, 75 %
2026/09/29 20:28:38.297, Tesla T4, 15360 MiB, 7181 MiB, 51 %
2026/09/29 20:28:38.799, Tesla T4, 15360 MiB, 7181 MiB, 36 %
2026/09/29 20:28:39.301, Tesla T4, 15360 MiB, 7181 MiB, 37 %
2026/09/29 20:28:39.802, Tesla T4, 15360 MiB, 7181 MiB, 42 %
2026/09/29 20:28:40.303, Tesla T4, 15360 MiB, 7181 MiB, 44 %
2026/09/29 20:28:40.805, Tesla T4, 15360 MiB, 7181 MiB, 44 %
2026/09/29 20:28:41.306, Tesla T4, 15360 MiB, 7181 MiB, 40 %
2026/09/29 20:28:41.807, Tesla T4, 15360 MiB, 7181 MiB, 41 %
2026/09/29 20:28:42.309, Tesla T4, 15360 MiB, 7181 MiB, 45 %
2026/09/29 20:28:42.811, Tesla T4, 15360 MiB, 7181 MiB, 43 %
2026/09/29 20:28:43.312, Tesla T4, 15360 MiB, 7181 MiB, 41 %
2026/09/29 20:28:43.813, Tesla T4, 15360 MiB, 7181 MiB, 40 %
2026/09/29 20:28:44.314, Tesla T4, 15360 MiB, 7181 MiB, 61 %
2026/09/29 20:28:44.816, Tesla T4, 15360 MiB, 7181 MiB, 44 %
2026/09/29 20:28:45.317, Tesla T4, 15360 MiB, 7181 MiB, 43 %
2026/09/29 20:28:45.819, Tesla T4, 15360 MiB, 7181 MiB, 47 %
2026/09/29 20:28:46.320, Tesla T4, 15360 MiB, 7181 MiB, 54 %
2026/09/29 20:28:46.824, Tesla T4, 15360 MiB, 7181 MiB, 47 %
2026/09/29 20:28:47.325, Tesla T4, 15360 MiB, 7181 MiB, 43 %
2026/09/29 20:28:47.826, Tesla T4, 15360 MiB, 7181 MiB, 44 %
2026/09/29 20:28:48.329, Tesla T4, 15360 MiB, 7181 MiB, 47 %
2026/09/29 20:28:48.830, Tesla T4, 15360 MiB, 7181 MiB, 78 %
2026/09/29 20:28:49.332, Tesla T4, 15360 MiB, 7181 MiB, 51 %
2026/09/29 20:28:49.835, Tesla T4, 15360 MiB, 7181 MiB, 35 %
2026/09/29 20:28:50.337, Tesla T4, 15360 MiB, 7181 MiB, 43 %
2026/09/29 20:28:50.842, Tesla T4, 15360 MiB, 7181 MiB, 39 %
2026/09/29 20:28:51.346, Tesla T4, 15360 MiB, 7181 MiB, 40 %
2026/09/29 20:28:51.849, Tesla T4, 15360 MiB, 7181 MiB, 34 %
2026/09/29 20:28:52.351, Tesla T4, 15360 MiB, 7181 MiB, 39 %
2026/09/29 20:28:52.852, Tesla T4, 15360 MiB, 7181 MiB, 42 %
2026/09/29 20:28:53.353, Tesla T4, 15360 MiB, 7181 MiB, 54 %
2026/09/29 20:28:53.855, Tesla T4, 15360 MiB, 7181 MiB, 40 %
2026/09/29 20:28:54.356, Tesla T4, 15360 MiB, 7181 MiB, 46 %
2026/09/29 20:28:54.858, Tesla T4, 15360 MiB, 7181 MiB, 54 %
2026/09/29 20:28:55.359, Tesla T4, 15360 MiB, 7181 MiB, 47 %
2026/09/29 20:28:55.861, Tesla T4, 15360 MiB, 7181 MiB, 53 %
2026/09/29 20:28:56.362, Tesla T4, 15360 MiB, 7181 MiB, 51 %
2026/09/29 20:28:56.863, Tesla T4, 15360 MiB, 7181 MiB, 38 %
2026/09/29 20:28:57.364, Tesla T4, 15360 MiB, 7181 MiB, 41 %
2026/09/29 20:28:57.866, Tesla T4, 15360 MiB, 7181 MiB, 52 %
2026/09/29 20:28:58.367, Tesla T4, 15360 MiB, 7181 MiB, 41 %
2026/09/29 20:28:58.868, Tesla T4, 15360 MiB, 7181 MiB, 40 %
2026/09/29 20:28:59.370, Tesla T4, 15360 MiB, 7181 MiB, 41 %
2026/09/29 20:28:59.871, Tesla T4, 15360 MiB, 7181 MiB, 51 %
2026/09/29 20:29:00.372, Tesla T4, 15360 MiB, 7181 MiB, 44 %
2026/09/29 20:29:00.873, Tesla T4, 15360 MiB, 7181 MiB, 39 %
2026/09/29 20:29:01.375, Tesla T4, 15360 MiB, 7181 MiB, 40 %
2026/09/29 20:29:01.876, Tesla T4, 15360 MiB, 7181 MiB, 41 %
2026/09/29 20:29:02.380, Tesla T4, 15360 MiB, 7181 MiB, 37 %
2026/09/29 20:29:02.883, Tesla T4, 15360 MiB, 7181 MiB, 34 %
2026/09/29 20:29:03.385, Tesla T4, 15360 MiB, 7181 MiB, 35 %
2026/09/29 20:29:03.886, Tesla T4, 15360 MiB, 7181 MiB, 32 %
2026/09/29 20:29:04.388, Tesla T4, 15360 MiB, 7181 MiB, 34 %
2026/09/29 20:29:04.890, Tesla T4, 15360 MiB, 7181 MiB, 31 %
2026/09/29 20:29:05.391, Tesla T4, 15360 MiB, 7181 MiB, 29 %
2026/09/29 20:29:05.893, Tesla T4, 15360 MiB, 7181 MiB, 40 %
2026/09/29 20:29:06.395, Tesla T4, 15360 MiB, 7181 MiB, 43 %
2026/09/29 20:29:06.897, Tesla T4, 15360 MiB, 7181 MiB, 59 %
2026/09/29 20:29:07.398, Tesla T4, 15360 MiB, 7181 MiB, 46 %
2026/09/29 20:29:07.899, Tesla T4, 15360 MiB, 7181 MiB, 46 %
2026/09/29 20:29:08.400, Tesla T4, 15360 MiB, 7181 MiB, 53 %
2026/09/29 20:29:08.902, Tesla T4, 15360 MiB, 7181 MiB, 46 %
2026/09/29 20:29:09.403, Tesla T4, 15360 MiB, 7181 MiB, 68 %
2026/09/29 20:29:09.904, Tesla T4, 15360 MiB, 7181 MiB, 52 %
2026/09/29 20:29:10.406, Tesla T4, 15360 MiB, 7181 MiB, 41 %
2026/09/29 20:29:10.907, Tesla T4, 15360 MiB, 7181 MiB, 40 %
2026/09/29 20:29:11.409, Tesla T4, 15360 MiB, 7181 MiB, 52 %
2026/09/29 20:29:11.910, Tesla T4, 15360 MiB, 7181 MiB, 42 %
2026/09/29 20:29:12.411, Tesla T4, 15360 MiB, 7181 MiB, 41 %
2026/09/29 20:29:12.913, Tesla T4, 15360 MiB, 7181 MiB, 39 %
2026/09/29 20:29:13.414, Tesla T4, 15360 MiB, 7181 MiB, 42 %
2026/09/29 20:29:13.915, Tesla T4, 15360 MiB, 7181 MiB, 43 %
2026/09/29 20:29:14.417, Tesla T4, 15360 MiB, 7181 MiB, 45 %
2026/09/29 20:29:14.919, Tesla T4, 15360 MiB, 7181 MiB, 52 %
2026/09/29 20:29:15.423, Tesla T4, 15360 MiB, 7181 MiB, 45 %
2026/09/29 20:29:15.925, Tesla T4, 15360 MiB, 7181 MiB, 68 %
2026/09/29 20:29:16.430, Tesla T4, 15360 MiB, 7181 MiB, 52 %
2026/09/29 20:29:16.932, Tesla T4, 15360 MiB, 7181 MiB, 38 %
2026/09/29 20:29:17.433, Tesla T4, 15360 MiB, 7181 MiB, 36 %
2026/09/29 20:29:17.935, Tesla T4, 15360 MiB, 7181 MiB, 43 %
2026/09/29 20:29:18.436, Tesla T4, 15360 MiB, 7181 MiB, 70 %
2026/09/29 20:29:18.938, Tesla T4, 15360 MiB, 7181 MiB, 49 %
2026/09/29 20:29:19.440, Tesla T4, 15360 MiB, 7181 MiB, 38 %
2026/09/29 20:29:19.941, Tesla T4, 15360 MiB, 7181 MiB, 39 %
2026/09/29 20:29:20.443, Tesla T4, 15360 MiB, 7181 MiB, 47 %
2026/09/29 20:29:20.945, Tesla T4, 15360 MiB, 7181 MiB, 39 %
2026/09/29 20:29:21.446, Tesla T4, 15360 MiB, 7181 MiB, 45 %
2026/09/29 20:29:21.948, Tesla T4, 15360 MiB, 7181 MiB, 51 %
2026/09/29 20:29:22.449, Tesla T4, 15360 MiB, 7181 MiB, 45 %
2026/09/29 20:29:22.952, Tesla T4, 15360 MiB, 7181 MiB, 55 %
2026/09/29 20:29:23.454, Tesla T4, 15360 MiB, 7181 MiB, 54 %
2026/09/29 20:29:23.956, Tesla T4, 15360 MiB, 7181 MiB, 45 %
2026/09/29 20:29:24.457, Tesla T4, 15360 MiB, 7181 MiB, 50 %
2026/09/29 20:29:24.958, Tesla T4, 15360 MiB, 7181 MiB, 72 %
2026/09/29 20:29:25.460, Tesla T4, 15360 MiB, 7181 MiB, 54 %
2026/09/29 20:29:25.961, Tesla T4, 15360 MiB, 7181 MiB, 39 %
2026/09/29 20:29:26.462, Tesla T4, 15360 MiB, 7181 MiB, 40 %
2026/09/29 20:29:26.964, Tesla T4, 15360 MiB, 7181 MiB, 41 %
2026/09/29 20:29:27.465, Tesla T4, 15360 MiB, 7181 MiB, 44 %
2026/09/29 20:29:27.969, Tesla T4, 15360 MiB, 7181 MiB, 35 %
2026/09/29 20:29:28.472, Tesla T4, 15360 MiB, 7181 MiB, 38 %
2026/09/29 20:29:28.976, Tesla T4, 15360 MiB, 7181 MiB, 39 %
2026/09/29 20:29:29.479, Tesla T4, 15360 MiB, 7181 MiB, 36 %
2026/09/29 20:29:29.981, Tesla T4, 15360 MiB, 7181 MiB, 36 %
2026/09/29 20:29:30.483, Tesla T4, 15360 MiB, 7181 MiB, 42 %
2026/09/29 20:29:30.984, Tesla T4, 15360 MiB, 7181 MiB, 48 %
2026/09/29 20:29:31.486, Tesla T4, 15360 MiB, 7181 MiB, 47 %
2026/09/29 20:29:31.987, Tesla T4, 15360 MiB, 7181 MiB, 60 %
2026/09/29 20:29:32.488, Tesla T4, 15360 MiB, 7181 MiB, 55 %
2026/09/29 20:29:32.990, Tesla T4, 15360 MiB, 7181 MiB, 39 %
2026/09/29 20:29:33.492, Tesla T4, 15360 MiB, 7181 MiB, 46 %
2026/09/29 20:29:33.993, Tesla T4, 15360 MiB, 7181 MiB, 56 %
2026/09/29 20:29:34.494, Tesla T4, 15360 MiB, 7181 MiB, 46 %
2026/09/29 20:29:34.996, Tesla T4, 15360 MiB, 7181 MiB, 45 %
2026/09/29 20:29:35.497, Tesla T4, 15360 MiB, 7181 MiB, 56 %
2026/09/29 20:29:35.998, Tesla T4, 15360 MiB, 7181 MiB, 46 %
2026/09/29 20:29:36.500, Tesla T4, 15360 MiB, 7181 MiB, 59 %
2026/09/29 20:29:37.001, Tesla T4, 15360 MiB, 7181 MiB, 56 %
2026/09/29 20:29:37.502, Tesla T4, 15360 MiB, 7181 MiB, 40 %
2026/09/29 20:29:38.003, Tesla T4, 15360 MiB, 7181 MiB, 41 %
2026/09/29 20:29:38.505, Tesla T4, 15360 MiB, 7181 MiB, 53 %
2026/09/29 20:29:39.007, Tesla T4, 15360 MiB, 7181 MiB, 40 %
2026/09/29 20:29:39.509, Tesla T4, 15360 MiB, 7181 MiB, 40 %
2026/09/29 20:29:40.010, Tesla T4, 15360 MiB, 7181 MiB, 39 %
2026/09/29 20:29:40.512, Tesla T4, 15360 MiB, 7181 MiB, 34 %
2026/09/29 20:29:41.016, Tesla T4, 15360 MiB, 7181 MiB, 36 %
2026/09/29 20:29:41.518, Tesla T4, 15360 MiB, 7181 MiB, 23 %
2026/09/29 20:29:42.020, Tesla T4, 15360 MiB, 7181 MiB, 33 %
2026/09/29 20:29:42.522, Tesla T4, 15360 MiB, 7181 MiB, 37 %
2026/09/29 20:29:43.023, Tesla T4, 15360 MiB, 7181 MiB, 52 %
2026/09/29 20:29:43.524, Tesla T4, 15360 MiB, 7181 MiB, 40 %
2026/09/29 20:29:44.025, Tesla T4, 15360 MiB, 7181 MiB, 40 %
2026/09/29 20:29:44.527, Tesla T4, 15360 MiB, 7181 MiB, 43 %
2026/09/29 20:29:45.028, Tesla T4, 15360 MiB, 7181 MiB, 57 %
2026/09/29 20:29:45.529, Tesla T4, 15360 MiB, 7181 MiB, 44 %
2026/09/29 20:29:46.031, Tesla T4, 15360 MiB, 7181 MiB, 42 %
2026/09/29 20:29:46.533, Tesla T4, 15360 MiB, 7181 MiB, 50 %
2026/09/29 20:29:47.034, Tesla T4, 15360 MiB, 7181 MiB, 43 %
2026/09/29 20:29:47.535, Tesla T4, 15360 MiB, 7181 MiB, 50 %
2026/09/29 20:29:48.037, Tesla T4, 15360 MiB, 7181 MiB, 45 %
2026/09/29 20:29:48.538, Tesla T4, 15360 MiB, 7181 MiB, 46 %
2026/09/29 20:29:49.039, Tesla T4, 15360 MiB, 7181 MiB, 46 %
2026/09/29 20:29:49.540, Tesla T4, 15360 MiB, 7181 MiB, 76 %
2026/09/29 20:29:50.042, Tesla T4, 15360 MiB, 7181 MiB, 53 %
2026/09/29 20:29:50.543, Tesla T4, 15360 MiB, 7181 MiB, 40 %
2026/09/29 20:29:51.045, Tesla T4, 15360 MiB, 7181 MiB, 41 %
2026/09/29 20:29:51.546, Tesla T4, 15360 MiB, 7181 MiB, 40 %
2026/09/29 20:29:52.048, Tesla T4, 15360 MiB, 7181 MiB, 40 %
2026/09/29 20:29:52.549, Tesla T4, 15360 MiB, 7181 MiB, 35 %
2026/09/29 20:29:53.051, Tesla T4, 15360 MiB, 7181 MiB, 35 %
2026/09/29 20:29:53.554, Tesla T4, 15360 MiB, 7181 MiB, 39 %
2026/09/29 20:29:54.055, Tesla T4, 15360 MiB, 7181 MiB, 38 %
2026/09/29 20:29:54.557, Tesla T4, 15360 MiB, 7181 MiB, 37 %
2026/09/29 20:29:55.060, Tesla T4, 15360 MiB, 7181 MiB, 39 %
2026/09/29 20:29:55.562, Tesla T4, 15360 MiB, 7181 MiB, 44 %
2026/09/29 20:29:56.064, Tesla T4, 15360 MiB, 7181 MiB, 42 %
2026/09/29 20:29:56.567, Tesla T4, 15360 MiB, 7181 MiB, 50 %
2026/09/29 20:29:57.069, Tesla T4, 15360 MiB, 7181 MiB, 37 %
2026/09/29 20:29:57.570, Tesla T4, 15360 MiB, 7181 MiB, 41 %
2026/09/29 20:29:58.072, Tesla T4, 15360 MiB, 7181 MiB, 41 %
2026/09/29 20:29:58.573, Tesla T4, 15360 MiB, 7181 MiB, 52 %
2026/09/29 20:29:59.074, Tesla T4, 15360 MiB, 7181 MiB, 30 %
2026/09/29 20:29:59.576, Tesla T4, 15360 MiB, 7181 MiB, 43 %
2026/09/29 20:30:00.077, Tesla T4, 15360 MiB, 7181 MiB, 43 %
2026/09/29 20:30:00.578, Tesla T4, 15360 MiB, 7181 MiB, 55 %
2026/09/29 20:30:01.080, Tesla T4, 15360 MiB, 7181 MiB, 48 %
2026/09/29 20:30:01.581, Tesla T4, 15360 MiB, 7181 MiB, 43 %
2026/09/29 20:30:02.083, Tesla T4, 15360 MiB, 7181 MiB, 49 %
2026/09/29 20:30:02.585, Tesla T4, 15360 MiB, 7181 MiB, 43 %
2026/09/29 20:30:03.088, Tesla T4, 15360 MiB, 7181 MiB, 50 %
2026/09/29 20:30:03.589, Tesla T4, 15360 MiB, 7181 MiB, 46 %
2026/09/29 20:30:04.090, Tesla T4, 15360 MiB, 7181 MiB, 49 %
2026/09/29 20:30:04.592, Tesla T4, 15360 MiB, 7181 MiB, 47 %
2026/09/29 20:30:05.093, Tesla T4, 15360 MiB, 7181 MiB, 57 %
2026/09/29 20:30:05.595, Tesla T4, 15360 MiB, 7181 MiB, 54 %
2026/09/29 20:30:06.097, Tesla T4, 15360 MiB, 7181 MiB, 39 %
2026/09/29 20:30:06.598, Tesla T4, 15360 MiB, 7181 MiB, 44 %
2026/09/29 20:30:07.100, Tesla T4, 15360 MiB, 7181 MiB, 40 %
2026/09/29 20:30:07.603, Tesla T4, 15360 MiB, 7181 MiB, 36 %
2026/09/29 20:30:08.104, Tesla T4, 15360 MiB, 7181 MiB, 39 %
2026/09/29 20:30:08.606, Tesla T4, 15360 MiB, 7181 MiB, 46 %
2026/09/29 20:30:09.107, Tesla T4, 15360 MiB, 7181 MiB, 46 %
2026/09/29 20:30:09.609, Tesla T4, 15360 MiB, 7181 MiB, 47 %
2026/09/29 20:30:10.112, Tesla T4, 15360 MiB, 7181 MiB, 56 %
2026/09/29 20:30:10.613, Tesla T4, 15360 MiB, 7181 MiB, 54 %
2026/09/29 20:30:11.116, Tesla T4, 15360 MiB, 7181 MiB, 47 %
2026/09/29 20:30:11.617, Tesla T4, 15360 MiB, 7181 MiB, 47 %
2026/09/29 20:30:12.119, Tesla T4, 15360 MiB, 7181 MiB, 80 %
2026/09/29 20:30:12.621, Tesla T4, 15360 MiB, 7181 MiB, 56 %
2026/09/29 20:30:13.123, Tesla T4, 15360 MiB, 7181 MiB, 39 %
2026/09/29 20:30:13.624, Tesla T4, 15360 MiB, 7181 MiB, 40 %
2026/09/29 20:30:14.125, Tesla T4, 15360 MiB, 7181 MiB, 41 %
2026/09/29 20:30:14.627, Tesla T4, 15360 MiB, 7181 MiB, 42 %
2026/09/29 20:30:15.128, Tesla T4, 15360 MiB, 7181 MiB, 41 %
2026/09/29 20:30:15.629, Tesla T4, 15360 MiB, 7181 MiB, 44 %
2026/09/29 20:30:16.131, Tesla T4, 15360 MiB, 7181 MiB, 45 %
2026/09/29 20:30:16.632, Tesla T4, 15360 MiB, 7181 MiB, 71 %
2026/09/29 20:30:17.133, Tesla T4, 15360 MiB, 7181 MiB, 52 %
2026/09/29 20:30:17.635, Tesla T4, 15360 MiB, 7181 MiB, 39 %
2026/09/29 20:30:18.136, Tesla T4, 15360 MiB, 7181 MiB, 37 %
2026/09/29 20:30:18.637, Tesla T4, 15360 MiB, 7181 MiB, 36 %
2026/09/29 20:30:19.139, Tesla T4, 15360 MiB, 7181 MiB, 37 %
2026/09/29 20:30:19.640, Tesla T4, 15360 MiB, 7181 MiB, 35 %
2026/09/29 20:30:20.141, Tesla T4, 15360 MiB, 7181 MiB, 33 %
2026/09/29 20:30:20.642, Tesla T4, 15360 MiB, 7181 MiB, 39 %
2026/09/29 20:30:21.144, Tesla T4, 15360 MiB, 7181 MiB, 65 %
2026/09/29 20:30:21.645, Tesla T4, 15360 MiB, 7181 MiB, 49 %
2026/09/29 20:30:22.147, Tesla T4, 15360 MiB, 7181 MiB, 37 %
2026/09/29 20:30:22.648, Tesla T4, 15360 MiB, 7181 MiB, 39 %
2026/09/29 20:30:23.149, Tesla T4, 15360 MiB, 7181 MiB, 38 %
2026/09/29 20:30:23.651, Tesla T4, 15360 MiB, 7181 MiB, 37 %
2026/09/29 20:30:24.152, Tesla T4, 15360 MiB, 7181 MiB, 44 %
2026/09/29 20:30:24.653, Tesla T4, 15360 MiB, 7181 MiB, 47 %
2026/09/29 20:30:25.155, Tesla T4, 15360 MiB, 7181 MiB, 48 %
2026/09/29 20:30:25.658, Tesla T4, 15360 MiB, 7181 MiB, 73 %
2026/09/29 20:30:26.160, Tesla T4, 15360 MiB, 7181 MiB, 55 %
2026/09/29 20:30:26.661, Tesla T4, 15360 MiB, 7181 MiB, 39 %
2026/09/29 20:30:27.162, Tesla T4, 15360 MiB, 7181 MiB, 40 %
2026/09/29 20:30:27.664, Tesla T4, 15360 MiB, 7181 MiB, 40 %
2026/09/29 20:30:28.166, Tesla T4, 15360 MiB, 7181 MiB, 40 %
2026/09/29 20:30:28.667, Tesla T4, 15360 MiB, 7181 MiB, 45 %
2026/09/29 20:30:29.169, Tesla T4, 15360 MiB, 7181 MiB, 55 %
2026/09/29 20:30:29.671, Tesla T4, 15360 MiB, 7181 MiB, 48 %
2026/09/29 20:30:30.173, Tesla T4, 15360 MiB, 7181 MiB, 55 %
2026/09/29 20:30:30.677, Tesla T4, 15360 MiB, 7181 MiB, 57 %
2026/09/29 20:30:31.178, Tesla T4, 15360 MiB, 7181 MiB, 38 %
2026/09/29 20:30:31.683, Tesla T4, 15360 MiB, 7181 MiB, 38 %
2026/09/29 20:30:32.185, Tesla T4, 15360 MiB, 7181 MiB, 54 %
2026/09/29 20:30:32.691, Tesla T4, 15360 MiB, 7181 MiB, 39 %
2026/09/29 20:30:33.192, Tesla T4, 15360 MiB, 7181 MiB, 35 %
2026/09/29 20:30:33.693, Tesla T4, 15360 MiB, 7181 MiB, 36 %
2026/09/29 20:30:34.194, Tesla T4, 15360 MiB, 7181 MiB, 44 %
2026/09/29 20:30:34.696, Tesla T4, 15360 MiB, 7181 MiB, 65 %
2026/09/29 20:30:35.197, Tesla T4, 15360 MiB, 7181 MiB, 49 %
2026/09/29 20:30:35.699, Tesla T4, 15360 MiB, 7181 MiB, 46 %
2026/09/29 20:30:36.200, Tesla T4, 15360 MiB, 7181 MiB, 46 %
2026/09/29 20:30:36.701, Tesla T4, 15360 MiB, 7181 MiB, 46 %
2026/09/29 20:30:37.203, Tesla T4, 15360 MiB, 7181 MiB, 69 %
2026/09/29 20:30:37.705, Tesla T4, 15360 MiB, 7181 MiB, 55 %
2026/09/29 20:30:38.206, Tesla T4, 15360 MiB, 7181 MiB, 47 %
2026/09/29 20:30:38.707, Tesla T4, 15360 MiB, 7181 MiB, 46 %
2026/09/29 20:30:39.209, Tesla T4, 15360 MiB, 7181 MiB, 45 %
2026/09/29 20:30:39.711, Tesla T4, 15360 MiB, 7181 MiB, 55 %
2026/09/29 20:30:40.212, Tesla T4, 15360 MiB, 7181 MiB, 52 %
2026/09/29 20:30:40.714, Tesla T4, 15360 MiB, 7181 MiB, 41 %
2026/09/29 20:30:41.215, Tesla T4, 15360 MiB, 7181 MiB, 41 %
2026/09/29 20:30:41.716, Tesla T4, 15360 MiB, 7181 MiB, 45 %
2026/09/29 20:30:42.218, Tesla T4, 15360 MiB, 7181 MiB, 43 %
2026/09/29 20:30:42.719, Tesla T4, 15360 MiB, 7181 MiB, 44 %
2026/09/29 20:30:43.220, Tesla T4, 15360 MiB, 7181 MiB, 43 %
2026/09/29 20:30:43.722, Tesla T4, 15360 MiB, 7181 MiB, 72 %
2026/09/29 20:30:44.223, Tesla T4, 15360 MiB, 7181 MiB, 47 %
2026/09/29 20:30:44.725, Tesla T4, 15360 MiB, 7181 MiB, 40 %
2026/09/29 20:30:45.226, Tesla T4, 15360 MiB, 7181 MiB, 41 %
2026/09/29 20:30:45.728, Tesla T4, 15360 MiB, 7181 MiB, 40 %
2026/09/29 20:30:46.230, Tesla T4, 15360 MiB, 7181 MiB, 63 %
2026/09/29 20:30:46.732, Tesla T4, 15360 MiB, 7181 MiB, 48 %
2026/09/29 20:30:47.234, Tesla T4, 15360 MiB, 7181 MiB, 40 %
2026/09/29 20:30:47.736, Tesla T4, 15360 MiB, 7181 MiB, 40 %
2026/09/29 20:30:48.237, Tesla T4, 15360 MiB, 7181 MiB, 40 %
2026/09/29 20:30:48.738, Tesla T4, 15360 MiB, 7181 MiB, 41 %
2026/09/29 20:30:49.239, Tesla T4, 15360 MiB, 7181 MiB, 39 %
2026/09/29 20:30:49.741, Tesla T4, 15360 MiB, 7181 MiB, 42 %
2026/09/29 20:30:50.242, Tesla T4, 15360 MiB, 7181 MiB, 41 %
2026/09/29 20:30:50.745, Tesla T4, 15360 MiB, 7181 MiB, 40 %
2026/09/29 20:30:51.246, Tesla T4, 15360 MiB, 7181 MiB, 38 %
2026/09/29 20:30:51.747, Tesla T4, 15360 MiB, 7181 MiB, 43 %
2026/09/29 20:30:52.249, Tesla T4, 15360 MiB, 7181 MiB, 41 %
2026/09/29 20:30:52.750, Tesla T4, 15360 MiB, 7181 MiB, 41 %
2026/09/29 20:30:53.251, Tesla T4, 15360 MiB, 7181 MiB, 43 %
2026/09/29 20:30:53.753, Tesla T4, 15360 MiB, 7181 MiB, 35 %
2026/09/29 20:30:54.254, Tesla T4, 15360 MiB, 7181 MiB, 40 %
2026/09/29 20:30:54.755, Tesla T4, 15360 MiB, 7181 MiB, 59 %
2026/09/29 20:30:55.257, Tesla T4, 15360 MiB, 7181 MiB, 45 %
2026/09/29 20:30:55.758, Tesla T4, 15360 MiB, 7181 MiB, 38 %
2026/09/29 20:30:56.259, Tesla T4, 15360 MiB, 7181 MiB, 45 %
2026/09/29 20:30:56.761, Tesla T4, 15360 MiB, 7181 MiB, 34 %
2026/09/29 20:30:57.270, Tesla T4, 15360 MiB, 7181 MiB, 40 %
2026/09/29 20:30:57.772, Tesla T4, 15360 MiB, 7181 MiB, 38 %
2026/09/29 20:30:58.273, Tesla T4, 15360 MiB, 7181 MiB, 38 %
2026/09/29 20:30:58.775, Tesla T4, 15360 MiB, 7181 MiB, 39 %
2026/09/29 20:30:59.277, Tesla T4, 15360 MiB, 7181 MiB, 44 %
2026/09/29 20:30:59.779, Tesla T4, 15360 MiB, 7181 MiB, 50 %
2026/09/29 20:31:00.280, Tesla T4, 15360 MiB, 7181 MiB, 44 %
2026/09/29 20:31:00.781, Tesla T4, 15360 MiB, 7181 MiB, 51 %
2026/09/29 20:31:01.283, Tesla T4, 15360 MiB, 7181 MiB, 43 %
2026/09/29 20:31:01.785, Tesla T4, 15360 MiB, 7181 MiB, 52 %
2026/09/29 20:31:02.286, Tesla T4, 15360 MiB, 7181 MiB, 51 %
2026/09/29 20:31:02.788, Tesla T4, 15360 MiB, 7181 MiB, 44 %
2026/09/29 20:31:03.289, Tesla T4, 15360 MiB, 7181 MiB, 45 %
2026/09/29 20:31:03.791, Tesla T4, 15360 MiB, 7181 MiB, 75 %
2026/09/29 20:31:04.292, Tesla T4, 15360 MiB, 7181 MiB, 52 %
2026/09/29 20:31:04.793, Tesla T4, 15360 MiB, 7181 MiB, 40 %
2026/09/29 20:31:05.295, Tesla T4, 15360 MiB, 7181 MiB, 42 %
2026/09/29 20:31:05.796, Tesla T4, 15360 MiB, 7181 MiB, 41 %
2026/09/29 20:31:06.297, Tesla T4, 15360 MiB, 7181 MiB, 45 %
2026/09/29 20:31:06.799, Tesla T4, 15360 MiB, 7181 MiB, 39 %
2026/09/29 20:31:07.300, Tesla T4, 15360 MiB, 7181 MiB, 40 %
2026/09/29 20:31:07.802, Tesla T4, 15360 MiB, 7181 MiB, 40 %
2026/09/29 20:31:08.303, Tesla T4, 15360 MiB, 7181 MiB, 47 %
2026/09/29 20:31:08.804, Tesla T4, 15360 MiB, 7181 MiB, 39 %
2026/09/29 20:31:09.307, Tesla T4, 15360 MiB, 7181 MiB, 42 %
2026/09/29 20:31:09.808, Tesla T4, 15360 MiB, 7181 MiB, 43 %
2026/09/29 20:31:10.310, Tesla T4, 15360 MiB, 7181 MiB, 45 %
2026/09/29 20:31:10.814, Tesla T4, 15360 MiB, 7181 MiB, 51 %
2026/09/29 20:31:11.318, Tesla T4, 15360 MiB, 7181 MiB, 48 %
2026/09/29 20:31:11.824, Tesla T4, 15360 MiB, 7181 MiB, 36 %
2026/09/29 20:31:12.325, Tesla T4, 15360 MiB, 7181 MiB, 48 %
2026/09/29 20:31:12.826, Tesla T4, 15360 MiB, 7181 MiB, 50 %
2026/09/29 20:31:13.328, Tesla T4, 15360 MiB, 7181 MiB, 49 %
2026/09/29 20:31:13.830, Tesla T4, 15360 MiB, 7181 MiB, 38 %
2026/09/29 20:31:14.331, Tesla T4, 15360 MiB, 7181 MiB, 39 %
2026/09/29 20:31:14.832, Tesla T4, 15360 MiB, 7181 MiB, 38 %
2026/09/29 20:31:15.334, Tesla T4, 15360 MiB, 7181 MiB, 40 %
2026/09/29 20:31:15.835, Tesla T4, 15360 MiB, 7181 MiB, 37 %
2026/09/29 20:31:16.336, Tesla T4, 15360 MiB, 7181 MiB, 43 %
2026/09/29 20:31:16.838, Tesla T4, 15360 MiB, 7181 MiB, 42 %
2026/09/29 20:31:17.339, Tesla T4, 15360 MiB, 7181 MiB, 66 %
2026/09/29 20:31:17.840, Tesla T4, 15360 MiB, 7181 MiB, 45 %
2026/09/29 20:31:18.342, Tesla T4, 15360 MiB, 7181 MiB, 43 %
2026/09/29 20:31:18.843, Tesla T4, 15360 MiB, 7181 MiB, 42 %
2026/09/29 20:31:19.344, Tesla T4, 15360 MiB, 7181 MiB, 57 %
2026/09/29 20:31:19.846, Tesla T4, 15360 MiB, 7181 MiB, 47 %
2026/09/29 20:31:20.347, Tesla T4, 15360 MiB, 7181 MiB, 43 %
2026/09/29 20:31:20.849, Tesla T4, 15360 MiB, 7181 MiB, 50 %
2026/09/29 20:31:21.352, Tesla T4, 15360 MiB, 7181 MiB, 44 %
2026/09/29 20:31:21.854, Tesla T4, 15360 MiB, 7181 MiB, 50 %
2026/09/29 20:31:22.355, Tesla T4, 15360 MiB, 7181 MiB, 45 %
2026/09/29 20:31:22.856, Tesla T4, 15360 MiB, 7181 MiB, 23 %
2026/09/29 20:31:23.357, Tesla T4, 15360 MiB, 7181 MiB, 29 %
2026/09/29 20:31:23.863, Tesla T4, 15360 MiB, 7181 MiB, 39 %
2026/09/29 20:31:24.365, Tesla T4, 15360 MiB, 7181 MiB, 54 %
2026/09/29 20:31:24.866, Tesla T4, 15360 MiB, 7181 MiB, 50 %
2026/09/29 20:31:25.368, Tesla T4, 15360 MiB, 7181 MiB, 37 %
2026/09/29 20:31:25.869, Tesla T4, 15360 MiB, 7181 MiB, 42 %
2026/09/29 20:31:26.371, Tesla T4, 15360 MiB, 7181 MiB, 39 %
2026/09/29 20:31:26.874, Tesla T4, 15360 MiB, 7181 MiB, 41 %
2026/09/29 20:31:27.375, Tesla T4, 15360 MiB, 7181 MiB, 37 %
2026/09/29 20:31:27.876, Tesla T4, 15360 MiB, 7181 MiB, 42 %
2026/09/29 20:31:28.378, Tesla T4, 15360 MiB, 7181 MiB, 40 %
2026/09/29 20:31:28.879, Tesla T4, 15360 MiB, 7181 MiB, 41 %
2026/09/29 20:31:29.380, Tesla T4, 15360 MiB, 7181 MiB, 33 %
2026/09/29 20:31:29.882, Tesla T4, 15360 MiB, 7181 MiB, 39 %
2026/09/29 20:31:30.383, Tesla T4, 15360 MiB, 7181 MiB, 40 %
2026/09/29 20:31:30.884, Tesla T4, 15360 MiB, 7181 MiB, 40 %
2026/09/29 20:31:31.386, Tesla T4, 15360 MiB, 7181 MiB, 41 %
2026/09/29 20:31:31.887, Tesla T4, 15360 MiB, 7181 MiB, 42 %
2026/09/29 20:31:32.390, Tesla T4, 15360 MiB, 7181 MiB, 43 %
2026/09/29 20:31:32.891, Tesla T4, 15360 MiB, 7181 MiB, 65 %
2026/09/29 20:31:33.393, Tesla T4, 15360 MiB, 7181 MiB, 49 %
2026/09/29 20:31:33.897, Tesla T4, 15360 MiB, 7181 MiB, 40 %
2026/09/29 20:31:34.398, Tesla T4, 15360 MiB, 7181 MiB, 42 %
2026/09/29 20:31:34.900, Tesla T4, 15360 MiB, 7181 MiB, 37 %
2026/09/29 20:31:35.402, Tesla T4, 15360 MiB, 7181 MiB, 37 %
2026/09/29 20:31:35.905, Tesla T4, 15360 MiB, 7181 MiB, 38 %
2026/09/29 20:31:36.407, Tesla T4, 15360 MiB, 7181 MiB, 41 %
2026/09/29 20:31:36.909, Tesla T4, 15360 MiB, 7181 MiB, 43 %
2026/09/29 20:31:37.411, Tesla T4, 15360 MiB, 7181 MiB, 44 %
2026/09/29 20:31:37.913, Tesla T4, 15360 MiB, 7181 MiB, 56 %
2026/09/29 20:31:38.414, Tesla T4, 15360 MiB, 7181 MiB, 49 %
2026/09/29 20:31:38.916, Tesla T4, 15360 MiB, 7181 MiB, 38 %
2026/09/29 20:31:39.417, Tesla T4, 15360 MiB, 7181 MiB, 39 %
2026/09/29 20:31:39.918, Tesla T4, 15360 MiB, 7181 MiB, 36 %
2026/09/29 20:31:40.420, Tesla T4, 15360 MiB, 7181 MiB, 36 %
2026/09/29 20:31:40.921, Tesla T4, 15360 MiB, 7181 MiB, 41 %
2026/09/29 20:31:41.422, Tesla T4, 15360 MiB, 7181 MiB, 43 %
2026/09/29 20:31:41.924, Tesla T4, 15360 MiB, 7181 MiB, 56 %
2026/09/29 20:31:42.425, Tesla T4, 15360 MiB, 7181 MiB, 48 %
2026/09/29 20:31:42.927, Tesla T4, 15360 MiB, 7181 MiB, 45 %
2026/09/29 20:31:43.428, Tesla T4, 15360 MiB, 7181 MiB, 56 %
2026/09/29 20:31:43.930, Tesla T4, 15360 MiB, 7181 MiB, 58 %
2026/09/29 20:31:44.432, Tesla T4, 15360 MiB, 7181 MiB, 53 %
2026/09/29 20:31:44.934, Tesla T4, 15360 MiB, 7181 MiB, 46 %
2026/09/29 20:31:45.435, Tesla T4, 15360 MiB, 7181 MiB, 42 %
2026/09/29 20:31:45.937, Tesla T4, 15360 MiB, 7181 MiB, 44 %
2026/09/29 20:31:46.441, Tesla T4, 15360 MiB, 7181 MiB, 66 %
2026/09/29 20:31:46.942, Tesla T4, 15360 MiB, 7181 MiB, 47 %
2026/09/29 20:31:47.443, Tesla T4, 15360 MiB, 7181 MiB, 35 %
2026/09/29 20:31:47.944, Tesla T4, 15360 MiB, 7181 MiB, 39 %
2026/09/29 20:31:48.446, Tesla T4, 15360 MiB, 7181 MiB, 38 %
2026/09/29 20:31:48.947, Tesla T4, 15360 MiB, 7181 MiB, 34 %
2026/09/29 20:31:49.449, Tesla T4, 15360 MiB, 7181 MiB, 34 %
2026/09/29 20:31:49.953, Tesla T4, 15360 MiB, 7181 MiB, 38 %
2026/09/29 20:31:50.454, Tesla T4, 15360 MiB, 7181 MiB, 43 %
2026/09/29 20:31:50.955, Tesla T4, 15360 MiB, 7181 MiB, 69 %
2026/09/29 20:31:51.456, Tesla T4, 15360 MiB, 7181 MiB, 50 %
2026/09/29 20:31:51.958, Tesla T4, 15360 MiB, 7181 MiB, 40 %
2026/09/29 20:31:52.459, Tesla T4, 15360 MiB, 7185 MiB, 40 %
2026/09/29 20:31:52.961, Tesla T4, 15360 MiB, 7189 MiB, 46 %
2026/09/29 20:31:53.462, Tesla T4, 15360 MiB, 7189 MiB, 39 %
2026/09/29 20:31:53.963, Tesla T4, 15360 MiB, 7189 MiB, 46 %
2026/09/29 20:31:54.465, Tesla T4, 15360 MiB, 7189 MiB, 44 %
2026/09/29 20:31:54.966, Tesla T4, 15360 MiB, 7189 MiB, 46 %
2026/09/29 20:31:55.468, Tesla T4, 15360 MiB, 7189 MiB, 59 %
2026/09/29 20:31:55.969, Tesla T4, 15360 MiB, 7189 MiB, 55 %
2026/09/29 20:31:56.470, Tesla T4, 15360 MiB, 7189 MiB, 41 %
2026/09/29 20:31:56.972, Tesla T4, 15360 MiB, 7189 MiB, 41 %
2026/09/29 20:31:57.473, Tesla T4, 15360 MiB, 7189 MiB, 57 %
2026/09/29 20:31:57.974, Tesla T4, 15360 MiB, 7189 MiB, 45 %
2026/09/29 20:31:58.476, Tesla T4, 15360 MiB, 7189 MiB, 45 %
2026/09/29 20:31:58.978, Tesla T4, 15360 MiB, 7189 MiB, 48 %
2026/09/29 20:31:59.479, Tesla T4, 15360 MiB, 7189 MiB, 44 %
2026/09/29 20:31:59.982, Tesla T4, 15360 MiB, 7189 MiB, 47 %
2026/09/29 20:32:00.483, Tesla T4, 15360 MiB, 7189 MiB, 46 %
2026/09/29 20:32:00.985, Tesla T4, 15360 MiB, 7189 MiB, 38 %
2026/09/29 20:32:01.488, Tesla T4, 15360 MiB, 7189 MiB, 41 %
2026/09/29 20:32:01.990, Tesla T4, 15360 MiB, 7189 MiB, 58 %
2026/09/29 20:32:02.492, Tesla T4, 15360 MiB, 7189 MiB, 38 %
2026/09/29 20:32:02.994, Tesla T4, 15360 MiB, 7189 MiB, 43 %
2026/09/29 20:32:03.495, Tesla T4, 15360 MiB, 7189 MiB, 43 %
2026/09/29 20:32:03.996, Tesla T4, 15360 MiB, 7189 MiB, 44 %
2026/09/29 20:32:04.497, Tesla T4, 15360 MiB, 7189 MiB, 49 %
2026/09/29 20:32:04.999, Tesla T4, 15360 MiB, 7189 MiB, 33 %
2026/09/29 20:32:05.500, Tesla T4, 15360 MiB, 7189 MiB, 40 %
2026/09/29 20:32:06.001, Tesla T4, 15360 MiB, 7189 MiB, 38 %
2026/09/29 20:32:06.503, Tesla T4, 15360 MiB, 7189 MiB, 51 %
2026/09/29 20:32:07.004, Tesla T4, 15360 MiB, 7189 MiB, 39 %
2026/09/29 20:32:07.505, Tesla T4, 15360 MiB, 7189 MiB, 39 %
2026/09/29 20:32:08.007, Tesla T4, 15360 MiB, 7189 MiB, 37 %
2026/09/29 20:32:08.508, Tesla T4, 15360 MiB, 7189 MiB, 48 %
2026/09/29 20:32:09.010, Tesla T4, 15360 MiB, 7189 MiB, 36 %
2026/09/29 20:32:09.511, Tesla T4, 15360 MiB, 7189 MiB, 43 %
2026/09/29 20:32:10.013, Tesla T4, 15360 MiB, 7189 MiB, 42 %
2026/09/29 20:32:10.515, Tesla T4, 15360 MiB, 7189 MiB, 43 %
2026/09/29 20:32:11.017, Tesla T4, 15360 MiB, 7189 MiB, 49 %
2026/09/29 20:32:11.519, Tesla T4, 15360 MiB, 7189 MiB, 42 %
2026/09/29 20:32:12.020, Tesla T4, 15360 MiB, 7189 MiB, 48 %
2026/09/29 20:32:12.522, Tesla T4, 15360 MiB, 7189 MiB, 43 %
2026/09/29 20:32:13.024, Tesla T4, 15360 MiB, 7189 MiB, 41 %
2026/09/29 20:32:13.525, Tesla T4, 15360 MiB, 7189 MiB, 44 %
2026/09/29 20:32:14.026, Tesla T4, 15360 MiB, 7189 MiB, 37 %
2026/09/29 20:32:14.529, Tesla T4, 15360 MiB, 7189 MiB, 34 %
2026/09/29 20:32:15.031, Tesla T4, 15360 MiB, 7189 MiB, 34 %
2026/09/29 20:32:15.534, Tesla T4, 15360 MiB, 7189 MiB, 39 %
2026/09/29 20:32:16.035, Tesla T4, 15360 MiB, 7189 MiB, 41 %
2026/09/29 20:32:16.536, Tesla T4, 15360 MiB, 7189 MiB, 42 %
2026/09/29 20:32:17.038, Tesla T4, 15360 MiB, 7189 MiB, 45 %
2026/09/29 20:32:17.540, Tesla T4, 15360 MiB, 7189 MiB, 65 %
2026/09/29 20:32:18.041, Tesla T4, 15360 MiB, 7189 MiB, 52 %
2026/09/29 20:32:18.543, Tesla T4, 15360 MiB, 7189 MiB, 46 %
2026/09/29 20:32:19.045, Tesla T4, 15360 MiB, 7189 MiB, 53 %
2026/09/29 20:32:19.546, Tesla T4, 15360 MiB, 7189 MiB, 45 %
2026/09/29 20:32:20.047, Tesla T4, 15360 MiB, 7189 MiB, 55 %
2026/09/29 20:32:20.549, Tesla T4, 15360 MiB, 7189 MiB, 52 %
2026/09/29 20:32:21.050, Tesla T4, 15360 MiB, 7189 MiB, 37 %
2026/09/29 20:32:21.551, Tesla T4, 15360 MiB, 7189 MiB, 39 %
2026/09/29 20:32:22.053, Tesla T4, 15360 MiB, 7189 MiB, 48 %
2026/09/29 20:32:22.555, Tesla T4, 15360 MiB, 7189 MiB, 39 %
2026/09/29 20:32:23.057, Tesla T4, 15360 MiB, 7189 MiB, 42 %
2026/09/29 20:32:23.558, Tesla T4, 15360 MiB, 7189 MiB, 45 %
2026/09/29 20:32:24.059, Tesla T4, 15360 MiB, 7189 MiB, 45 %
2026/09/29 20:32:24.560, Tesla T4, 15360 MiB, 7189 MiB, 48 %
2026/09/29 20:32:25.062, Tesla T4, 15360 MiB, 7189 MiB, 44 %
2026/09/29 20:32:25.563, Tesla T4, 15360 MiB, 7189 MiB, 49 %
2026/09/29 20:32:26.066, Tesla T4, 15360 MiB, 7189 MiB, 43 %
2026/09/29 20:32:26.568, Tesla T4, 15360 MiB, 7189 MiB, 54 %
2026/09/29 20:32:27.071, Tesla T4, 15360 MiB, 7189 MiB, 49 %
2026/09/29 20:32:27.574, Tesla T4, 15360 MiB, 7189 MiB, 39 %
2026/09/29 20:32:28.076, Tesla T4, 15360 MiB, 7189 MiB, 40 %
2026/09/29 20:32:28.577, Tesla T4, 15360 MiB, 7189 MiB, 43 %
2026/09/29 20:32:29.078, Tesla T4, 15360 MiB, 7189 MiB, 48 %
2026/09/29 20:32:29.580, Tesla T4, 15360 MiB, 7189 MiB, 43 %
2026/09/29 20:32:30.081, Tesla T4, 15360 MiB, 7189 MiB, 38 %
2026/09/29 20:32:30.582, Tesla T4, 15360 MiB, 7189 MiB, 39 %
2026/09/29 20:32:31.084, Tesla T4, 15360 MiB, 7189 MiB, 47 %
2026/09/29 20:32:31.585, Tesla T4, 15360 MiB, 7189 MiB, 36 %
2026/09/29 20:32:32.086, Tesla T4, 15360 MiB, 7189 MiB, 43 %
2026/09/29 20:32:32.588, Tesla T4, 15360 MiB, 7189 MiB, 45 %
2026/09/29 20:32:33.089, Tesla T4, 15360 MiB, 7189 MiB, 63 %
2026/09/29 20:32:33.590, Tesla T4, 15360 MiB, 7189 MiB, 49 %
2026/09/29 20:32:34.091, Tesla T4, 15360 MiB, 7189 MiB, 42 %
2026/09/29 20:32:34.593, Tesla T4, 15360 MiB, 7189 MiB, 41 %
2026/09/29 20:32:35.095, Tesla T4, 15360 MiB, 7189 MiB, 42 %
2026/09/29 20:32:35.597, Tesla T4, 15360 MiB, 7189 MiB, 46 %
2026/09/29 20:32:36.098, Tesla T4, 15360 MiB, 7189 MiB, 43 %
2026/09/29 20:32:36.600, Tesla T4, 15360 MiB, 7189 MiB, 50 %
2026/09/29 20:32:37.101, Tesla T4, 15360 MiB, 7189 MiB, 46 %
2026/09/29 20:32:37.602, Tesla T4, 15360 MiB, 7189 MiB, 50 %
2026/09/29 20:32:38.105, Tesla T4, 15360 MiB, 7189 MiB, 45 %
2026/09/29 20:32:38.607, Tesla T4, 15360 MiB, 7189 MiB, 37 %
2026/09/29 20:32:39.109, Tesla T4, 15360 MiB, 7189 MiB, 39 %
2026/09/29 20:32:39.611, Tesla T4, 15360 MiB, 7189 MiB, 47 %
2026/09/29 20:32:40.113, Tesla T4, 15360 MiB, 7189 MiB, 38 %
2026/09/29 20:32:40.617, Tesla T4, 15360 MiB, 7189 MiB, 31 %
2026/09/29 20:32:41.118, Tesla T4, 15360 MiB, 7189 MiB, 44 %
2026/09/29 20:32:41.619, Tesla T4, 15360 MiB, 7189 MiB, 44 %
2026/09/29 20:32:42.121, Tesla T4, 15360 MiB, 7189 MiB, 72 %
2026/09/29 20:32:42.622, Tesla T4, 15360 MiB, 7189 MiB, 50 %
2026/09/29 20:32:43.124, Tesla T4, 15360 MiB, 7189 MiB, 39 %
2026/09/29 20:32:43.625, Tesla T4, 15360 MiB, 7189 MiB, 40 %
2026/09/29 20:32:44.126, Tesla T4, 15360 MiB, 7189 MiB, 46 %
2026/09/29 20:32:44.628, Tesla T4, 15360 MiB, 7189 MiB, 39 %
2026/09/29 20:32:45.129, Tesla T4, 15360 MiB, 7189 MiB, 43 %
2026/09/29 20:32:45.630, Tesla T4, 15360 MiB, 7189 MiB, 49 %
2026/09/29 20:32:46.132, Tesla T4, 15360 MiB, 7189 MiB, 43 %
2026/09/29 20:32:46.635, Tesla T4, 15360 MiB, 7189 MiB, 49 %
2026/09/29 20:32:47.137, Tesla T4, 15360 MiB, 7189 MiB, 45 %
2026/09/29 20:32:47.638, Tesla T4, 15360 MiB, 7189 MiB, 48 %
2026/09/29 20:32:48.140, Tesla T4, 15360 MiB, 7189 MiB, 45 %
2026/09/29 20:32:48.641, Tesla T4, 15360 MiB, 7189 MiB, 50 %
2026/09/29 20:32:49.142, Tesla T4, 15360 MiB, 7189 MiB, 49 %
2026/09/29 20:32:49.643, Tesla T4, 15360 MiB, 7189 MiB, 41 %
2026/09/29 20:32:50.145, Tesla T4, 15360 MiB, 7189 MiB, 42 %
2026/09/29 20:32:50.646, Tesla T4, 15360 MiB, 7189 MiB, 55 %
2026/09/29 20:32:51.148, Tesla T4, 15360 MiB, 7189 MiB, 40 %
2026/09/29 20:32:51.651, Tesla T4, 15360 MiB, 7189 MiB, 35 %
2026/09/29 20:32:52.153, Tesla T4, 15360 MiB, 7189 MiB, 32 %
2026/09/29 20:32:52.656, Tesla T4, 15360 MiB, 7189 MiB, 36 %
2026/09/29 20:32:53.158, Tesla T4, 15360 MiB, 7189 MiB, 28 %
2026/09/29 20:32:53.659, Tesla T4, 15360 MiB, 7189 MiB, 35 %
2026/09/29 20:32:54.160, Tesla T4, 15360 MiB, 7189 MiB, 39 %
2026/09/29 20:32:54.662, Tesla T4, 15360 MiB, 7189 MiB, 40 %
2026/09/29 20:32:55.163, Tesla T4, 15360 MiB, 7189 MiB, 54 %
2026/09/29 20:32:55.666, Tesla T4, 15360 MiB, 7189 MiB, 41 %
2026/09/29 20:32:56.168, Tesla T4, 15360 MiB, 7189 MiB, 38 %
2026/09/29 20:32:56.669, Tesla T4, 15360 MiB, 7189 MiB, 38 %
2026/09/29 20:32:57.170, Tesla T4, 15360 MiB, 7189 MiB, 46 %
2026/09/29 20:32:57.672, Tesla T4, 15360 MiB, 7189 MiB, 36 %
2026/09/29 20:32:58.175, Tesla T4, 15360 MiB, 7189 MiB, 42 %
2026/09/29 20:32:58.677, Tesla T4, 15360 MiB, 7189 MiB, 46 %
2026/09/29 20:32:59.179, Tesla T4, 15360 MiB, 7189 MiB, 43 %
2026/09/29 20:32:59.682, Tesla T4, 15360 MiB, 7189 MiB, 48 %
2026/09/29 20:33:00.183, Tesla T4, 15360 MiB, 7189 MiB, 42 %
2026/09/29 20:33:00.685, Tesla T4, 15360 MiB, 7189 MiB, 43 %
2026/09/29 20:33:01.186, Tesla T4, 15360 MiB, 7189 MiB, 40 %
2026/09/29 20:33:01.688, Tesla T4, 15360 MiB, 7189 MiB, 41 %
2026/09/29 20:33:02.189, Tesla T4, 15360 MiB, 7189 MiB, 40 %
2026/09/29 20:33:02.691, Tesla T4, 15360 MiB, 7189 MiB, 42 %
2026/09/29 20:33:03.194, Tesla T4, 15360 MiB, 7189 MiB, 43 %
2026/09/29 20:33:03.697, Tesla T4, 15360 MiB, 7189 MiB, 62 %
2026/09/29 20:33:04.199, Tesla T4, 15360 MiB, 7189 MiB, 44 %
2026/09/29 20:33:04.700, Tesla T4, 15360 MiB, 7189 MiB, 39 %
2026/09/29 20:33:05.203, Tesla T4, 15360 MiB, 7189 MiB, 42 %
2026/09/29 20:33:05.705, Tesla T4, 15360 MiB, 7189 MiB, 40 %
2026/09/29 20:33:06.206, Tesla T4, 15360 MiB, 7189 MiB, 82 %
2026/09/29 20:33:06.708, Tesla T4, 15360 MiB, 7189 MiB, 54 %
2026/09/29 20:33:07.209, Tesla T4, 15360 MiB, 7189 MiB, 45 %
2026/09/29 20:33:07.710, Tesla T4, 15360 MiB, 7189 MiB, 47 %
2026/09/29 20:33:08.212, Tesla T4, 15360 MiB, 7189 MiB, 46 %
2026/09/29 20:33:08.714, Tesla T4, 15360 MiB, 7189 MiB, 51 %
2026/09/29 20:33:09.215, Tesla T4, 15360 MiB, 7189 MiB, 49 %
2026/09/29 20:33:09.717, Tesla T4, 15360 MiB, 7189 MiB, 46 %
2026/09/29 20:33:10.219, Tesla T4, 15360 MiB, 7189 MiB, 45 %
2026/09/29 20:33:10.721, Tesla T4, 15360 MiB, 7189 MiB, 51 %
2026/09/29 20:33:11.222, Tesla T4, 15360 MiB, 7189 MiB, 52 %
2026/09/29 20:33:11.723, Tesla T4, 15360 MiB, 7189 MiB, 37 %
2026/09/29 20:33:12.225, Tesla T4, 15360 MiB, 7189 MiB, 38 %
2026/09/29 20:33:12.726, Tesla T4, 15360 MiB, 7189 MiB, 47 %
2026/09/29 20:33:13.228, Tesla T4, 15360 MiB, 7189 MiB, 38 %
2026/09/29 20:33:13.729, Tesla T4, 15360 MiB, 7189 MiB, 46 %
2026/09/29 20:33:14.230, Tesla T4, 15360 MiB, 7189 MiB, 54 %
2026/09/29 20:33:14.732, Tesla T4, 15360 MiB, 7189 MiB, 49 %
2026/09/29 20:33:15.234, Tesla T4, 15360 MiB, 7189 MiB, 52 %
2026/09/29 20:33:15.735, Tesla T4, 15360 MiB, 7189 MiB, 39 %
2026/09/29 20:33:16.238, Tesla T4, 15360 MiB, 7189 MiB, 36 %
2026/09/29 20:33:16.740, Tesla T4, 15360 MiB, 7189 MiB, 41 %
2026/09/29 20:33:17.242, Tesla T4, 15360 MiB, 7189 MiB, 40 %
2026/09/29 20:33:17.745, Tesla T4, 15360 MiB, 7189 MiB, 41 %
2026/09/29 20:33:18.247, Tesla T4, 15360 MiB, 7189 MiB, 36 %
2026/09/29 20:33:18.748, Tesla T4, 15360 MiB, 7189 MiB, 41 %
2026/09/29 20:33:19.249, Tesla T4, 15360 MiB, 7189 MiB, 45 %
2026/09/29 20:33:19.751, Tesla T4, 15360 MiB, 7189 MiB, 61 %
2026/09/29 20:33:20.252, Tesla T4, 15360 MiB, 7189 MiB, 49 %
2026/09/29 20:33:20.754, Tesla T4, 15360 MiB, 7189 MiB, 25 %
2026/09/29 20:33:21.255, Tesla T4, 15360 MiB, 7189 MiB, 39 %
2026/09/29 20:33:21.756, Tesla T4, 15360 MiB, 7189 MiB, 40 %
2026/09/29 20:33:22.257, Tesla T4, 15360 MiB, 7189 MiB, 49 %
2026/09/29 20:33:22.759, Tesla T4, 15360 MiB, 7189 MiB, 39 %
2026/09/29 20:33:23.260, Tesla T4, 15360 MiB, 7189 MiB, 43 %
2026/09/29 20:33:23.761, Tesla T4, 15360 MiB, 7189 MiB, 43 %
2026/09/29 20:33:24.262, Tesla T4, 15360 MiB, 7189 MiB, 65 %
2026/09/29 20:33:24.764, Tesla T4, 15360 MiB, 7189 MiB, 48 %
2026/09/29 20:33:25.266, Tesla T4, 15360 MiB, 7189 MiB, 41 %
2026/09/29 20:33:25.767, Tesla T4, 15360 MiB, 7189 MiB, 41 %
2026/09/29 20:33:26.268, Tesla T4, 15360 MiB, 7189 MiB, 42 %
2026/09/29 20:33:26.770, Tesla T4, 15360 MiB, 7189 MiB, 44 %
2026/09/29 20:33:27.271, Tesla T4, 15360 MiB, 7189 MiB, 39 %
2026/09/29 20:33:27.772, Tesla T4, 15360 MiB, 7189 MiB, 41 %
2026/09/29 20:33:28.274, Tesla T4, 15360 MiB, 7189 MiB, 40 %
2026/09/29 20:33:28.776, Tesla T4, 15360 MiB, 7189 MiB, 32 %
2026/09/29 20:33:29.278, Tesla T4, 15360 MiB, 7189 MiB, 34 %
2026/09/29 20:33:29.779, Tesla T4, 15360 MiB, 7189 MiB, 27 %
2026/09/29 20:33:30.282, Tesla T4, 15360 MiB, 7189 MiB, 37 %
2026/09/29 20:33:30.784, Tesla T4, 15360 MiB, 7189 MiB, 45 %
2026/09/29 20:33:31.285, Tesla T4, 15360 MiB, 7189 MiB, 37 %
2026/09/29 20:33:31.789, Tesla T4, 15360 MiB, 7189 MiB, 42 %
2026/09/29 20:33:32.291, Tesla T4, 15360 MiB, 7189 MiB, 48 %
2026/09/29 20:33:32.792, Tesla T4, 15360 MiB, 7189 MiB, 43 %
2026/09/29 20:33:33.294, Tesla T4, 15360 MiB, 7189 MiB, 48 %
2026/09/29 20:33:33.796, Tesla T4, 15360 MiB, 7189 MiB, 34 %
2026/09/29 20:33:34.297, Tesla T4, 15360 MiB, 7189 MiB, 47 %
2026/09/29 20:33:34.798, Tesla T4, 15360 MiB, 7189 MiB, 47 %
2026/09/29 20:33:35.300, Tesla T4, 15360 MiB, 7189 MiB, 77 %
2026/09/29 20:33:35.801, Tesla T4, 15360 MiB, 7189 MiB, 53 %
2026/09/29 20:33:36.303, Tesla T4, 15360 MiB, 7189 MiB, 43 %
2026/09/29 20:33:36.804, Tesla T4, 15360 MiB, 7189 MiB, 49 %
2026/09/29 20:33:37.305, Tesla T4, 15360 MiB, 7189 MiB, 45 %
2026/09/29 20:33:37.807, Tesla T4, 15360 MiB, 7189 MiB, 50 %
2026/09/29 20:33:38.308, Tesla T4, 15360 MiB, 7189 MiB, 47 %
2026/09/29 20:33:38.810, Tesla T4, 15360 MiB, 7189 MiB, 45 %
2026/09/29 20:33:39.312, Tesla T4, 15360 MiB, 7189 MiB, 45 %
2026/09/29 20:33:39.813, Tesla T4, 15360 MiB, 7189 MiB, 69 %
2026/09/29 20:33:40.315, Tesla T4, 15360 MiB, 7189 MiB, 53 %
2026/09/29 20:33:40.816, Tesla T4, 15360 MiB, 7189 MiB, 46 %
2026/09/29 20:33:41.318, Tesla T4, 15360 MiB, 7189 MiB, 50 %
2026/09/29 20:33:41.820, Tesla T4, 15360 MiB, 7189 MiB, 44 %
2026/09/29 20:33:42.323, Tesla T4, 15360 MiB, 7189 MiB, 65 %
2026/09/29 20:33:42.825, Tesla T4, 15360 MiB, 7189 MiB, 49 %
2026/09/29 20:33:43.327, Tesla T4, 15360 MiB, 7189 MiB, 44 %
2026/09/29 20:33:43.831, Tesla T4, 15360 MiB, 7189 MiB, 52 %
2026/09/29 20:33:44.332, Tesla T4, 15360 MiB, 7189 MiB, 48 %
2026/09/29 20:33:44.833, Tesla T4, 15360 MiB, 7189 MiB, 54 %
2026/09/29 20:33:45.335, Tesla T4, 15360 MiB, 7189 MiB, 57 %
2026/09/29 20:33:45.837, Tesla T4, 15360 MiB, 7189 MiB, 39 %
2026/09/29 20:33:46.338, Tesla T4, 15360 MiB, 7189 MiB, 44 %
2026/09/29 20:33:46.839, Tesla T4, 15360 MiB, 7189 MiB, 53 %
2026/09/29 20:33:47.341, Tesla T4, 15360 MiB, 7189 MiB, 42 %
2026/09/29 20:33:47.842, Tesla T4, 15360 MiB, 7189 MiB, 43 %
2026/09/29 20:33:48.344, Tesla T4, 15360 MiB, 7189 MiB, 51 %
2026/09/29 20:33:48.845, Tesla T4, 15360 MiB, 7189 MiB, 44 %
2026/09/29 20:33:49.346, Tesla T4, 15360 MiB, 7189 MiB, 50 %
2026/09/29 20:33:49.847, Tesla T4, 15360 MiB, 7189 MiB, 49 %
2026/09/29 20:33:50.349, Tesla T4, 15360 MiB, 7189 MiB, 42 %
2026/09/29 20:33:50.850, Tesla T4, 15360 MiB, 7189 MiB, 42 %
2026/09/29 20:33:51.351, Tesla T4, 15360 MiB, 7189 MiB, 65 %
2026/09/29 20:33:51.853, Tesla T4, 15360 MiB, 7189 MiB, 47 %
2026/09/29 20:33:52.354, Tesla T4, 15360 MiB, 7189 MiB, 40 %
2026/09/29 20:33:52.855, Tesla T4, 15360 MiB, 7189 MiB, 42 %
2026/09/29 20:33:53.357, Tesla T4, 15360 MiB, 7189 MiB, 53 %
2026/09/29 20:33:53.860, Tesla T4, 15360 MiB, 7189 MiB, 40 %
2026/09/29 20:33:54.361, Tesla T4, 15360 MiB, 7189 MiB, 34 %
2026/09/29 20:33:54.862, Tesla T4, 15360 MiB, 7189 MiB, 34 %
2026/09/29 20:33:55.365, Tesla T4, 15360 MiB, 7189 MiB, 37 %
2026/09/29 20:33:55.867, Tesla T4, 15360 MiB, 7189 MiB, 35 %
2026/09/29 20:33:56.369, Tesla T4, 15360 MiB, 7189 MiB, 31 %
2026/09/29 20:33:56.871, Tesla T4, 15360 MiB, 7189 MiB, 44 %
2026/09/29 20:33:57.372, Tesla T4, 15360 MiB, 7189 MiB, 43 %
2026/09/29 20:33:57.874, Tesla T4, 15360 MiB, 7189 MiB, 45 %
2026/09/29 20:33:58.376, Tesla T4, 15360 MiB, 7189 MiB, 51 %
2026/09/29 20:33:58.877, Tesla T4, 15360 MiB, 7189 MiB, 45 %
2026/09/29 20:33:59.379, Tesla T4, 15360 MiB, 7189 MiB, 50 %
2026/09/29 20:33:59.881, Tesla T4, 15360 MiB, 7189 MiB, 42 %
2026/09/29 20:34:00.382, Tesla T4, 15360 MiB, 7189 MiB, 48 %
2026/09/29 20:34:00.883, Tesla T4, 15360 MiB, 7189 MiB, 45 %
2026/09/29 20:34:01.385, Tesla T4, 15360 MiB, 7189 MiB, 38 %
2026/09/29 20:34:01.886, Tesla T4, 15360 MiB, 7189 MiB, 40 %
2026/09/29 20:34:02.387, Tesla T4, 15360 MiB, 7189 MiB, 50 %
2026/09/29 20:34:02.889, Tesla T4, 15360 MiB, 7189 MiB, 39 %
2026/09/29 20:34:03.390, Tesla T4, 15360 MiB, 7189 MiB, 44 %
2026/09/29 20:34:03.891, Tesla T4, 15360 MiB, 7189 MiB, 51 %
2026/09/29 20:34:04.392, Tesla T4, 15360 MiB, 7189 MiB, 55 %
2026/09/29 20:34:04.894, Tesla T4, 15360 MiB, 7189 MiB, 53 %
2026/09/29 20:34:05.396, Tesla T4, 15360 MiB, 7189 MiB, 46 %
2026/09/29 20:34:05.898, Tesla T4, 15360 MiB, 7189 MiB, 45 %
2026/09/29 20:34:06.400, Tesla T4, 15360 MiB, 7189 MiB, 47 %
2026/09/29 20:34:06.901, Tesla T4, 15360 MiB, 7189 MiB, 72 %
2026/09/29 20:34:07.402, Tesla T4, 15360 MiB, 7189 MiB, 53 %
2026/09/29 20:34:07.904, Tesla T4, 15360 MiB, 7189 MiB, 34 %
2026/09/29 20:34:08.405, Tesla T4, 15360 MiB, 7189 MiB, 32 %
2026/09/29 20:34:08.907, Tesla T4, 15360 MiB, 7189 MiB, 35 %
2026/09/29 20:34:09.409, Tesla T4, 15360 MiB, 7189 MiB, 38 %
2026/09/29 20:34:09.910, Tesla T4, 15360 MiB, 7189 MiB, 35 %
2026/09/29 20:34:10.411, Tesla T4, 15360 MiB, 7189 MiB, 44 %
2026/09/29 20:34:10.912, Tesla T4, 15360 MiB, 7189 MiB, 40 %
2026/09/29 20:34:11.414, Tesla T4, 15360 MiB, 7189 MiB, 72 %
2026/09/29 20:34:11.915, Tesla T4, 15360 MiB, 7189 MiB, 50 %
2026/09/29 20:34:12.417, Tesla T4, 15360 MiB, 7189 MiB, 38 %
2026/09/29 20:34:12.918, Tesla T4, 15360 MiB, 7189 MiB, 37 %
2026/09/29 20:34:13.419, Tesla T4, 15360 MiB, 7189 MiB, 41 %
2026/09/29 20:34:13.920, Tesla T4, 15360 MiB, 7189 MiB, 35 %
2026/09/29 20:34:14.422, Tesla T4, 15360 MiB, 7189 MiB, 45 %
2026/09/29 20:34:14.923, Tesla T4, 15360 MiB, 7189 MiB, 44 %
2026/09/29 20:34:15.424, Tesla T4, 15360 MiB, 7189 MiB, 45 %
2026/09/29 20:34:15.926, Tesla T4, 15360 MiB, 7189 MiB, 52 %
2026/09/29 20:34:16.427, Tesla T4, 15360 MiB, 7189 MiB, 51 %
2026/09/29 20:34:16.929, Tesla T4, 15360 MiB, 7189 MiB, 46 %
2026/09/29 20:34:17.430, Tesla T4, 15360 MiB, 7189 MiB, 48 %
2026/09/29 20:34:17.932, Tesla T4, 15360 MiB, 7189 MiB, 55 %
2026/09/29 20:34:18.433, Tesla T4, 15360 MiB, 7189 MiB, 56 %
2026/09/29 20:34:18.935, Tesla T4, 15360 MiB, 7189 MiB, 47 %
2026/09/29 20:34:19.436, Tesla T4, 15360 MiB, 7189 MiB, 35 %
2026/09/29 20:34:19.937, Tesla T4, 15360 MiB, 7189 MiB, 37 %
2026/09/29 20:34:20.438, Tesla T4, 15360 MiB, 7189 MiB, 38 %
2026/09/29 20:34:20.941, Tesla T4, 15360 MiB, 7189 MiB, 33 %
2026/09/29 20:34:21.443, Tesla T4, 15360 MiB, 7189 MiB, 40 %
2026/09/29 20:34:21.944, Tesla T4, 15360 MiB, 7189 MiB, 35 %
2026/09/29 20:34:22.446, Tesla T4, 15360 MiB, 7189 MiB, 45 %
2026/09/29 20:34:22.947, Tesla T4, 15360 MiB, 7189 MiB, 52 %
2026/09/29 20:34:23.448, Tesla T4, 15360 MiB, 7189 MiB, 48 %
2026/09/29 20:34:23.949, Tesla T4, 15360 MiB, 7189 MiB, 42 %
2026/09/29 20:34:24.451, Tesla T4, 15360 MiB, 7189 MiB, 43 %
2026/09/29 20:34:24.952, Tesla T4, 15360 MiB, 7189 MiB, 64 %
2026/09/29 20:34:25.454, Tesla T4, 15360 MiB, 7189 MiB, 46 %
2026/09/29 20:34:25.955, Tesla T4, 15360 MiB, 7189 MiB, 43 %
2026/09/29 20:34:26.457, Tesla T4, 15360 MiB, 7189 MiB, 43 %
2026/09/29 20:34:26.958, Tesla T4, 15360 MiB, 7189 MiB, 44 %
2026/09/29 20:34:27.461, Tesla T4, 15360 MiB, 7189 MiB, 50 %
2026/09/29 20:34:27.963, Tesla T4, 15360 MiB, 7189 MiB, 37 %
2026/09/29 20:34:28.464, Tesla T4, 15360 MiB, 7189 MiB, 39 %
2026/09/29 20:34:28.965, Tesla T4, 15360 MiB, 7189 MiB, 42 %
2026/09/29 20:34:29.467, Tesla T4, 15360 MiB, 7189 MiB, 44 %
2026/09/29 20:34:29.968, Tesla T4, 15360 MiB, 7189 MiB, 44 %
2026/09/29 20:34:30.470, Tesla T4, 15360 MiB, 7189 MiB, 39 %
2026/09/29 20:34:30.971, Tesla T4, 15360 MiB, 7189 MiB, 40 %
2026/09/29 20:34:31.473, Tesla T4, 15360 MiB, 7189 MiB, 50 %
2026/09/29 20:34:31.975, Tesla T4, 15360 MiB, 7189 MiB, 38 %
2026/09/29 20:34:32.476, Tesla T4, 15360 MiB, 7189 MiB, 38 %
2026/09/29 20:34:32.977, Tesla T4, 15360 MiB, 7189 MiB, 42 %
2026/09/29 20:34:33.479, Tesla T4, 15360 MiB, 7189 MiB, 38 %
2026/09/29 20:34:33.987, Tesla T4, 15360 MiB, 7189 MiB, 39 %
2026/09/29 20:34:34.489, Tesla T4, 15360 MiB, 7189 MiB, 37 %
2026/09/29 20:34:34.990, Tesla T4, 15360 MiB, 7189 MiB, 44 %
2026/09/29 20:34:35.492, Tesla T4, 15360 MiB, 7189 MiB, 46 %
2026/09/29 20:34:35.993, Tesla T4, 15360 MiB, 7189 MiB, 64 %
2026/09/29 20:34:36.495, Tesla T4, 15360 MiB, 7189 MiB, 54 %
2026/09/29 20:34:36.997, Tesla T4, 15360 MiB, 7189 MiB, 44 %
2026/09/29 20:34:37.498, Tesla T4, 15360 MiB, 7189 MiB, 54 %
2026/09/29 20:34:37.999, Tesla T4, 15360 MiB, 7189 MiB, 46 %
2026/09/29 20:34:38.501, Tesla T4, 15360 MiB, 7189 MiB, 55 %
2026/09/29 20:34:39.002, Tesla T4, 15360 MiB, 7189 MiB, 55 %
2026/09/29 20:34:39.504, Tesla T4, 15360 MiB, 7189 MiB, 44 %
2026/09/29 20:34:40.006, Tesla T4, 15360 MiB, 7189 MiB, 43 %
2026/09/29 20:34:40.507, Tesla T4, 15360 MiB, 7189 MiB, 71 %
2026/09/29 20:34:41.008, Tesla T4, 15360 MiB, 7189 MiB, 51 %
2026/09/29 20:34:41.510, Tesla T4, 15360 MiB, 7189 MiB, 47 %
2026/09/29 20:34:42.012, Tesla T4, 15360 MiB, 7189 MiB, 52 %
2026/09/29 20:34:42.513, Tesla T4, 15360 MiB, 7189 MiB, 47 %
2026/09/29 20:34:43.014, Tesla T4, 15360 MiB, 7189 MiB, 65 %
2026/09/29 20:34:43.517, Tesla T4, 15360 MiB, 7189 MiB, 56 %
2026/09/29 20:34:44.018, Tesla T4, 15360 MiB, 7189 MiB, 43 %
2026/09/29 20:34:44.520, Tesla T4, 15360 MiB, 7189 MiB, 40 %
2026/09/29 20:34:45.022, Tesla T4, 15360 MiB, 7189 MiB, 40 %
2026/09/29 20:34:45.524, Tesla T4, 15360 MiB, 7189 MiB, 45 %
2026/09/29 20:34:46.026, Tesla T4, 15360 MiB, 7189 MiB, 26 %
2026/09/29 20:34:46.530, Tesla T4, 15360 MiB, 7189 MiB, 38 %
2026/09/29 20:34:47.034, Tesla T4, 15360 MiB, 7189 MiB, 38 %
2026/09/29 20:34:47.536, Tesla T4, 15360 MiB, 7189 MiB, 70 %
2026/09/29 20:34:48.037, Tesla T4, 15360 MiB, 7189 MiB, 52 %
2026/09/29 20:34:48.538, Tesla T4, 15360 MiB, 7189 MiB, 40 %
2026/09/29 20:34:49.040, Tesla T4, 15360 MiB, 7189 MiB, 41 %
2026/09/29 20:34:49.541, Tesla T4, 15360 MiB, 7189 MiB, 41 %
2026/09/29 20:34:50.042, Tesla T4, 15360 MiB, 7189 MiB, 45 %
2026/09/29 20:34:50.543, Tesla T4, 15360 MiB, 7189 MiB, 40 %
2026/09/29 20:34:51.045, Tesla T4, 15360 MiB, 7189 MiB, 43 %
2026/09/29 20:34:51.546, Tesla T4, 15360 MiB, 7189 MiB, 43 %
2026/09/29 20:34:52.048, Tesla T4, 15360 MiB, 7189 MiB, 67 %
2026/09/29 20:34:52.549, Tesla T4, 15360 MiB, 7189 MiB, 47 %
2026/09/29 20:34:53.051, Tesla T4, 15360 MiB, 7189 MiB, 46 %
2026/09/29 20:34:53.552, Tesla T4, 15360 MiB, 7189 MiB, 46 %
2026/09/29 20:34:54.053, Tesla T4, 15360 MiB, 7189 MiB, 47 %
2026/09/29 20:34:54.557, Tesla T4, 15360 MiB, 7189 MiB, 53 %
2026/09/29 20:34:55.058, Tesla T4, 15360 MiB, 7189 MiB, 51 %
2026/09/29 20:34:55.560, Tesla T4, 15360 MiB, 7189 MiB, 50 %
2026/09/29 20:34:56.062, Tesla T4, 15360 MiB, 7189 MiB, 45 %
2026/09/29 20:34:56.563, Tesla T4, 15360 MiB, 7189 MiB, 49 %
2026/09/29 20:34:57.065, Tesla T4, 15360 MiB, 7189 MiB, 50 %
2026/09/29 20:34:57.567, Tesla T4, 15360 MiB, 7189 MiB, 39 %
2026/09/29 20:34:58.069, Tesla T4, 15360 MiB, 7189 MiB, 46 %
2026/09/29 20:34:58.570, Tesla T4, 15360 MiB, 7189 MiB, 46 %
2026/09/29 20:34:59.076, Tesla T4, 15360 MiB, 7189 MiB, 40 %
2026/09/29 20:34:59.579, Tesla T4, 15360 MiB, 7189 MiB, 34 %
2026/09/29 20:35:00.080, Tesla T4, 15360 MiB, 7189 MiB, 38 %
2026/09/29 20:35:00.582, Tesla T4, 15360 MiB, 7189 MiB, 41 %
2026/09/29 20:35:01.083, Tesla T4, 15360 MiB, 7189 MiB, 53 %
2026/09/29 20:35:01.584, Tesla T4, 15360 MiB, 7189 MiB, 40 %
2026/09/29 20:35:02.085, Tesla T4, 15360 MiB, 7189 MiB, 39 %
2026/09/29 20:35:02.587, Tesla T4, 15360 MiB, 7189 MiB, 40 %
2026/09/29 20:35:03.088, Tesla T4, 15360 MiB, 7189 MiB, 50 %
2026/09/29 20:35:03.590, Tesla T4, 15360 MiB, 7189 MiB, 40 %
2026/09/29 20:35:04.092, Tesla T4, 15360 MiB, 7189 MiB, 36 %
2026/09/29 20:35:04.593, Tesla T4, 15360 MiB, 7189 MiB, 40 %
2026/09/29 20:35:05.095, Tesla T4, 15360 MiB, 7189 MiB, 39 %
2026/09/29 20:35:05.596, Tesla T4, 15360 MiB, 7189 MiB, 37 %
2026/09/29 20:35:06.098, Tesla T4, 15360 MiB, 7189 MiB, 40 %
2026/09/29 20:35:06.599, Tesla T4, 15360 MiB, 7189 MiB, 46 %
2026/09/29 20:35:07.101, Tesla T4, 15360 MiB, 7189 MiB, 42 %
2026/09/29 20:35:07.603, Tesla T4, 15360 MiB, 7189 MiB, 45 %
2026/09/29 20:35:08.104, Tesla T4, 15360 MiB, 7189 MiB, 44 %
2026/09/29 20:35:08.606, Tesla T4, 15360 MiB, 7189 MiB, 50 %
2026/09/29 20:35:09.107, Tesla T4, 15360 MiB, 7189 MiB, 48 %
2026/09/29 20:35:09.608, Tesla T4, 15360 MiB, 7189 MiB, 70 %
2026/09/29 20:35:10.110, Tesla T4, 15360 MiB, 7189 MiB, 52 %
2026/09/29 20:35:10.613, Tesla T4, 15360 MiB, 7189 MiB, 42 %
2026/09/29 20:35:11.115, Tesla T4, 15360 MiB, 7189 MiB, 45 %
2026/09/29 20:35:11.617, Tesla T4, 15360 MiB, 7189 MiB, 38 %
2026/09/29 20:35:12.120, Tesla T4, 15360 MiB, 7189 MiB, 60 %
2026/09/29 20:35:12.622, Tesla T4, 15360 MiB, 7189 MiB, 47 %
2026/09/29 20:35:13.123, Tesla T4, 15360 MiB, 7189 MiB, 46 %
2026/09/29 20:35:13.625, Tesla T4, 15360 MiB, 7189 MiB, 53 %
2026/09/29 20:35:14.127, Tesla T4, 15360 MiB, 7189 MiB, 46 %
2026/09/29 20:35:14.631, Tesla T4, 15360 MiB, 7189 MiB, 53 %
2026/09/29 20:35:15.134, Tesla T4, 15360 MiB, 7189 MiB, 49 %
2026/09/29 20:35:15.636, Tesla T4, 15360 MiB, 7189 MiB, 42 %
2026/09/29 20:35:16.138, Tesla T4, 15360 MiB, 7189 MiB, 45 %
2026/09/29 20:35:16.639, Tesla T4, 15360 MiB, 7189 MiB, 65 %
2026/09/29 20:35:17.141, Tesla T4, 15360 MiB, 7189 MiB, 48 %
2026/09/29 20:35:17.642, Tesla T4, 15360 MiB, 7189 MiB, 43 %
2026/09/29 20:35:18.144, Tesla T4, 15360 MiB, 7189 MiB, 44 %
2026/09/29 20:35:18.646, Tesla T4, 15360 MiB, 7189 MiB, 45 %
2026/09/29 20:35:19.148, Tesla T4, 15360 MiB, 7189 MiB, 49 %
2026/09/29 20:35:19.650, Tesla T4, 15360 MiB, 7189 MiB, 43 %
2026/09/29 20:35:20.152, Tesla T4, 15360 MiB, 7189 MiB, 49 %
2026/09/29 20:35:20.653, Tesla T4, 15360 MiB, 7189 MiB, 44 %
2026/09/29 20:35:21.155, Tesla T4, 15360 MiB, 7189 MiB, 47 %
2026/09/29 20:35:21.657, Tesla T4, 15360 MiB, 7189 MiB, 42 %
2026/09/29 20:35:22.158, Tesla T4, 15360 MiB, 7189 MiB, 42 %
2026/09/29 20:35:22.659, Tesla T4, 15360 MiB, 7189 MiB, 37 %
2026/09/29 20:35:23.162, Tesla T4, 15360 MiB, 7189 MiB, 63 %
2026/09/29 20:35:23.666, Tesla T4, 15360 MiB, 7189 MiB, 46 %
2026/09/29 20:35:24.167, Tesla T4, 15360 MiB, 7189 MiB, 32 %
2026/09/29 20:35:24.668, Tesla T4, 15360 MiB, 7189 MiB, 35 %
2026/09/29 20:35:25.170, Tesla T4, 15360 MiB, 7189 MiB, 39 %
2026/09/29 20:35:25.671, Tesla T4, 15360 MiB, 7189 MiB, 44 %
2026/09/29 20:35:26.173, Tesla T4, 15360 MiB, 7189 MiB, 35 %
2026/09/29 20:35:26.674, Tesla T4, 15360 MiB, 7189 MiB, 40 %
2026/09/29 20:35:27.176, Tesla T4, 15360 MiB, 7189 MiB, 41 %
2026/09/29 20:35:27.677, Tesla T4, 15360 MiB, 7189 MiB, 59 %
2026/09/29 20:35:28.178, Tesla T4, 15360 MiB, 7189 MiB, 41 %
2026/09/29 20:35:28.680, Tesla T4, 15360 MiB, 7189 MiB, 40 %
2026/09/29 20:35:29.181, Tesla T4, 15360 MiB, 7189 MiB, 41 %
2026/09/29 20:35:29.682, Tesla T4, 15360 MiB, 7189 MiB, 54 %
2026/09/29 20:35:30.183, Tesla T4, 15360 MiB, 7189 MiB, 40 %
2026/09/29 20:35:30.685, Tesla T4, 15360 MiB, 7189 MiB, 45 %
2026/09/29 20:35:31.186, Tesla T4, 15360 MiB, 7189 MiB, 46 %
2026/09/29 20:35:31.687, Tesla T4, 15360 MiB, 7189 MiB, 52 %
2026/09/29 20:35:32.189, Tesla T4, 15360 MiB, 7189 MiB, 53 %
2026/09/29 20:35:32.691, Tesla T4, 15360 MiB, 7189 MiB, 44 %
2026/09/29 20:35:33.192, Tesla T4, 15360 MiB, 7189 MiB, 52 %
2026/09/29 20:35:33.694, Tesla T4, 15360 MiB, 7189 MiB, 46 %
2026/09/29 20:35:34.198, Tesla T4, 15360 MiB, 7189 MiB, 51 %
2026/09/29 20:35:34.699, Tesla T4, 15360 MiB, 7189 MiB, 51 %
2026/09/29 20:35:35.202, Tesla T4, 15360 MiB, 7189 MiB, 34 %
2026/09/29 20:35:35.704, Tesla T4, 15360 MiB, 7189 MiB, 38 %
2026/09/29 20:35:36.206, Tesla T4, 15360 MiB, 7189 MiB, 57 %
2026/09/29 20:35:36.708, Tesla T4, 15360 MiB, 7189 MiB, 37 %
2026/09/29 20:35:37.211, Tesla T4, 15360 MiB, 7189 MiB, 39 %
2026/09/29 20:35:37.713, Tesla T4, 15360 MiB, 7189 MiB, 36 %
2026/09/29 20:35:38.214, Tesla T4, 15360 MiB, 7189 MiB, 43 %
2026/09/29 20:35:38.715, Tesla T4, 15360 MiB, 7189 MiB, 51 %
2026/09/29 20:35:39.217, Tesla T4, 15360 MiB, 7189 MiB, 36 %
2026/09/29 20:35:39.718, Tesla T4, 15360 MiB, 7189 MiB, 40 %
2026/09/29 20:35:40.219, Tesla T4, 15360 MiB, 7189 MiB, 25 %
2026/09/29 20:35:40.721, Tesla T4, 15360 MiB, 7189 MiB, 41 %
2026/09/29 20:35:41.224, Tesla T4, 15360 MiB, 7189 MiB, 42 %
2026/09/29 20:35:41.726, Tesla T4, 15360 MiB, 7189 MiB, 39 %
2026/09/29 20:35:42.227, Tesla T4, 15360 MiB, 7189 MiB, 46 %
2026/09/29 20:35:42.729, Tesla T4, 15360 MiB, 7189 MiB, 42 %
2026/09/29 20:35:43.231, Tesla T4, 15360 MiB, 7189 MiB, 46 %
2026/09/29 20:35:43.732, Tesla T4, 15360 MiB, 7189 MiB, 46 %
2026/09/29 20:35:44.234, Tesla T4, 15360 MiB, 7189 MiB, 45 %
2026/09/29 20:35:44.735, Tesla T4, 15360 MiB, 7189 MiB, 46 %
2026/09/29 20:35:45.236, Tesla T4, 15360 MiB, 7189 MiB, 77 %
2026/09/29 20:35:45.738, Tesla T4, 15360 MiB, 7189 MiB, 53 %
2026/09/29 20:35:46.240, Tesla T4, 15360 MiB, 7189 MiB, 40 %
2026/09/29 20:35:46.741, Tesla T4, 15360 MiB, 7189 MiB, 41 %
2026/09/29 20:35:47.242, Tesla T4, 15360 MiB, 7189 MiB, 40 %
2026/09/29 20:35:47.745, Tesla T4, 15360 MiB, 7189 MiB, 41 %
2026/09/29 20:35:48.247, Tesla T4, 15360 MiB, 7189 MiB, 37 %
2026/09/29 20:35:48.749, Tesla T4, 15360 MiB, 7189 MiB, 41 %
2026/09/29 20:35:49.254, Tesla T4, 15360 MiB, 7189 MiB, 40 %
2026/09/29 20:35:49.755, Tesla T4, 15360 MiB, 7189 MiB, 55 %
2026/09/29 20:35:50.256, Tesla T4, 15360 MiB, 7189 MiB, 41 %
2026/09/29 20:35:50.760, Tesla T4, 15360 MiB, 7189 MiB, 45 %
2026/09/29 20:35:51.261, Tesla T4, 15360 MiB, 7189 MiB, 45 %
2026/09/29 20:35:51.762, Tesla T4, 15360 MiB, 7189 MiB, 43 %
2026/09/29 20:35:52.263, Tesla T4, 15360 MiB, 7189 MiB, 45 %
2026/09/29 20:35:52.765, Tesla T4, 15360 MiB, 7189 MiB, 44 %
2026/09/29 20:35:53.266, Tesla T4, 15360 MiB, 7189 MiB, 43 %
2026/09/29 20:35:53.767, Tesla T4, 15360 MiB, 7189 MiB, 43 %
2026/09/29 20:35:54.270, Tesla T4, 15360 MiB, 7189 MiB, 57 %
2026/09/29 20:35:54.772, Tesla T4, 15360 MiB, 7189 MiB, 48 %
2026/09/29 20:35:55.273, Tesla T4, 15360 MiB, 7189 MiB, 40 %
2026/09/29 20:35:55.775, Tesla T4, 15360 MiB, 7189 MiB, 44 %
2026/09/29 20:35:56.276, Tesla T4, 15360 MiB, 7189 MiB, 57 %
2026/09/29 20:35:56.777, Tesla T4, 15360 MiB, 7189 MiB, 44 %
2026/09/29 20:35:57.279, Tesla T4, 15360 MiB, 7189 MiB, 39 %
2026/09/29 20:35:57.781, Tesla T4, 15360 MiB, 7189 MiB, 41 %
2026/09/29 20:35:58.282, Tesla T4, 15360 MiB, 7189 MiB, 40 %
2026/09/29 20:35:58.785, Tesla T4, 15360 MiB, 7189 MiB, 40 %
2026/09/29 20:35:59.286, Tesla T4, 15360 MiB, 7189 MiB, 38 %
2026/09/29 20:35:59.788, Tesla T4, 15360 MiB, 7189 MiB, 38 %
2026/09/29 20:36:00.289, Tesla T4, 15360 MiB, 7189 MiB, 42 %
2026/09/29 20:36:00.791, Tesla T4, 15360 MiB, 7189 MiB, 46 %
2026/09/29 20:36:01.292, Tesla T4, 15360 MiB, 7189 MiB, 39 %
2026/09/29 20:36:01.793, Tesla T4, 15360 MiB, 7189 MiB, 39 %
2026/09/29 20:36:02.295, Tesla T4, 15360 MiB, 7189 MiB, 45 %
2026/09/29 20:36:02.797, Tesla T4, 15360 MiB, 7189 MiB, 39 %
2026/09/29 20:36:03.298, Tesla T4, 15360 MiB, 7189 MiB, 52 %
2026/09/29 20:36:03.799, Tesla T4, 15360 MiB, 7189 MiB, 49 %
2026/09/29 20:36:04.301, Tesla T4, 15360 MiB, 7189 MiB, 42 %
2026/09/29 20:36:04.803, Tesla T4, 15360 MiB, 7189 MiB, 43 %
2026/09/29 20:36:05.305, Tesla T4, 15360 MiB, 7189 MiB, 65 %
2026/09/29 20:36:05.806, Tesla T4, 15360 MiB, 7189 MiB, 47 %
2026/09/29 20:36:06.307, Tesla T4, 15360 MiB, 7189 MiB, 42 %
2026/09/29 20:36:06.809, Tesla T4, 15360 MiB, 7189 MiB, 48 %
2026/09/29 20:36:07.310, Tesla T4, 15360 MiB, 7189 MiB, 45 %
2026/09/29 20:36:07.813, Tesla T4, 15360 MiB, 7189 MiB, 48 %
2026/09/29 20:36:08.314, Tesla T4, 15360 MiB, 7189 MiB, 40 %
2026/09/29 20:36:08.816, Tesla T4, 15360 MiB, 7189 MiB, 38 %
2026/09/29 20:36:09.317, Tesla T4, 15360 MiB, 7189 MiB, 40 %
2026/09/29 20:36:09.818, Tesla T4, 15360 MiB, 7189 MiB, 39 %
2026/09/29 20:36:10.320, Tesla T4, 15360 MiB, 7189 MiB, 39 %
2026/09/29 20:36:10.821, Tesla T4, 15360 MiB, 7189 MiB, 42 %
2026/09/29 20:36:11.323, Tesla T4, 15360 MiB, 7189 MiB, 45 %
2026/09/29 20:36:11.824, Tesla T4, 15360 MiB, 7189 MiB, 66 %
2026/09/29 20:36:12.325, Tesla T4, 15360 MiB, 7189 MiB, 47 %
2026/09/29 20:36:12.827, Tesla T4, 15360 MiB, 7189 MiB, 42 %
2026/09/29 20:36:13.329, Tesla T4, 15360 MiB, 7189 MiB, 36 %
2026/09/29 20:36:13.831, Tesla T4, 15360 MiB, 7189 MiB, 41 %
2026/09/29 20:36:14.333, Tesla T4, 15360 MiB, 7189 MiB, 43 %
2026/09/29 20:36:14.836, Tesla T4, 15360 MiB, 7189 MiB, 35 %
2026/09/29 20:36:15.339, Tesla T4, 15360 MiB, 7189 MiB, 31 %
2026/09/29 20:36:15.841, Tesla T4, 15360 MiB, 7189 MiB, 38 %
2026/09/29 20:36:16.342, Tesla T4, 15360 MiB, 7189 MiB, 53 %
2026/09/29 20:36:16.843, Tesla T4, 15360 MiB, 7189 MiB, 39 %
2026/09/29 20:36:17.344, Tesla T4, 15360 MiB, 7189 MiB, 41 %
2026/09/29 20:36:17.846, Tesla T4, 15360 MiB, 7189 MiB, 45 %
2026/09/29 20:36:18.347, Tesla T4, 15360 MiB, 7189 MiB, 42 %
2026/09/29 20:36:18.849, Tesla T4, 15360 MiB, 7189 MiB, 44 %
2026/09/29 20:36:19.351, Tesla T4, 15360 MiB, 7189 MiB, 47 %
2026/09/29 20:36:19.852, Tesla T4, 15360 MiB, 7189 MiB, 46 %
2026/09/29 20:36:20.354, Tesla T4, 15360 MiB, 7189 MiB, 47 %
2026/09/29 20:36:20.855, Tesla T4, 15360 MiB, 7189 MiB, 78 %
2026/09/29 20:36:21.356, Tesla T4, 15360 MiB, 7189 MiB, 56 %
2026/09/29 20:36:21.857, Tesla T4, 15360 MiB, 7189 MiB, 37 %
2026/09/29 20:36:22.359, Tesla T4, 15360 MiB, 7189 MiB, 40 %
2026/09/29 20:36:22.860, Tesla T4, 15360 MiB, 7189 MiB, 39 %
2026/09/29 20:36:23.362, Tesla T4, 15360 MiB, 7189 MiB, 42 %
2026/09/29 20:36:23.863, Tesla T4, 15360 MiB, 7189 MiB, 36 %
2026/09/29 20:36:24.364, Tesla T4, 15360 MiB, 7189 MiB, 42 %
2026/09/29 20:36:24.865, Tesla T4, 15360 MiB, 7189 MiB, 39 %
2026/09/29 20:36:25.368, Tesla T4, 15360 MiB, 7189 MiB, 40 %
2026/09/29 20:36:25.869, Tesla T4, 15360 MiB, 7189 MiB, 33 %
2026/09/29 20:36:26.370, Tesla T4, 15360 MiB, 7189 MiB, 40 %
2026/09/29 20:36:26.876, Tesla T4, 15360 MiB, 7189 MiB, 41 %
2026/09/29 20:36:27.378, Tesla T4, 15360 MiB, 7189 MiB, 46 %
2026/09/29 20:36:27.881, Tesla T4, 15360 MiB, 7189 MiB, 43 %
2026/09/29 20:36:28.382, Tesla T4, 15360 MiB, 7189 MiB, 45 %
2026/09/29 20:36:28.883, Tesla T4, 15360 MiB, 7189 MiB, 46 %
2026/09/29 20:36:29.384, Tesla T4, 15360 MiB, 7189 MiB, 49 %
2026/09/29 20:36:29.886, Tesla T4, 15360 MiB, 7189 MiB, 66 %
2026/09/29 20:36:30.387, Tesla T4, 15360 MiB, 7189 MiB, 56 %
2026/09/29 20:36:30.889, Tesla T4, 15360 MiB, 7189 MiB, 45 %
2026/09/29 20:36:31.390, Tesla T4, 15360 MiB, 7189 MiB, 46 %
2026/09/29 20:36:31.892, Tesla T4, 15360 MiB, 7189 MiB, 46 %
2026/09/29 20:36:32.394, Tesla T4, 15360 MiB, 7189 MiB, 54 %
2026/09/29 20:36:32.896, Tesla T4, 15360 MiB, 7189 MiB, 37 %
2026/09/29 20:36:33.398, Tesla T4, 15360 MiB, 7189 MiB, 43 %
2026/09/29 20:36:33.899, Tesla T4, 15360 MiB, 7189 MiB, 45 %
2026/09/29 20:36:34.400, Tesla T4, 15360 MiB, 7189 MiB, 58 %
2026/09/29 20:36:34.902, Tesla T4, 15360 MiB, 7189 MiB, 51 %
2026/09/29 20:36:35.403, Tesla T4, 15360 MiB, 7189 MiB, 40 %
2026/09/29 20:36:35.905, Tesla T4, 15360 MiB, 7189 MiB, 41 %
2026/09/29 20:36:36.406, Tesla T4, 15360 MiB, 7189 MiB, 52 %
2026/09/29 20:36:36.907, Tesla T4, 15360 MiB, 7189 MiB, 39 %
2026/09/29 20:36:37.409, Tesla T4, 15360 MiB, 7189 MiB, 44 %
2026/09/29 20:36:37.910, Tesla T4, 15360 MiB, 7189 MiB, 52 %
2026/09/29 20:36:38.412, Tesla T4, 15360 MiB, 7189 MiB, 37 %
2026/09/29 20:36:38.913, Tesla T4, 15360 MiB, 7189 MiB, 51 %
2026/09/29 20:36:39.416, Tesla T4, 15360 MiB, 7189 MiB, 48 %
2026/09/29 20:36:39.918, Tesla T4, 15360 MiB, 7189 MiB, 39 %
2026/09/29 20:36:40.420, Tesla T4, 15360 MiB, 7189 MiB, 41 %
2026/09/29 20:36:40.922, Tesla T4, 15360 MiB, 7189 MiB, 38 %
2026/09/29 20:36:41.423, Tesla T4, 15360 MiB, 7189 MiB, 50 %
2026/09/29 20:36:41.924, Tesla T4, 15360 MiB, 7189 MiB, 45 %
2026/09/29 20:36:42.425, Tesla T4, 15360 MiB, 7189 MiB, 47 %
2026/09/29 20:36:42.927, Tesla T4, 15360 MiB, 7189 MiB, 47 %
2026/09/29 20:36:43.428, Tesla T4, 15360 MiB, 7189 MiB, 71 %
2026/09/29 20:36:43.929, Tesla T4, 15360 MiB, 7189 MiB, 55 %
2026/09/29 20:36:44.431, Tesla T4, 15360 MiB, 7189 MiB, 47 %
2026/09/29 20:36:44.932, Tesla T4, 15360 MiB, 7189 MiB, 54 %
2026/09/29 20:36:45.434, Tesla T4, 15360 MiB, 7189 MiB, 48 %
2026/09/29 20:36:45.935, Tesla T4, 15360 MiB, 7189 MiB, 54 %
2026/09/29 20:36:46.437, Tesla T4, 15360 MiB, 7189 MiB, 55 %
2026/09/29 20:36:46.938, Tesla T4, 15360 MiB, 7189 MiB, 42 %
2026/09/29 20:36:47.439, Tesla T4, 15360 MiB, 7189 MiB, 51 %
2026/09/29 20:36:47.941, Tesla T4, 15360 MiB, 7189 MiB, 62 %
2026/09/29 20:36:48.442, Tesla T4, 15360 MiB, 7189 MiB, 52 %
2026/09/29 20:36:48.944, Tesla T4, 15360 MiB, 7189 MiB, 41 %
2026/09/29 20:36:49.445, Tesla T4, 15360 MiB, 7189 MiB, 45 %
2026/09/29 20:36:49.948, Tesla T4, 15360 MiB, 7189 MiB, 42 %
2026/09/29 20:36:50.449, Tesla T4, 15360 MiB, 7189 MiB, 61 %
2026/09/29 20:36:50.951, Tesla T4, 15360 MiB, 7189 MiB, 46 %
2026/09/29 20:36:51.453, Tesla T4, 15360 MiB, 7189 MiB, 36 %
2026/09/29 20:36:51.956, Tesla T4, 15360 MiB, 7189 MiB, 41 %
2026/09/29 20:36:52.461, Tesla T4, 15360 MiB, 7189 MiB, 40 %
2026/09/29 20:36:52.964, Tesla T4, 15360 MiB, 7189 MiB, 39 %
2026/09/29 20:36:53.465, Tesla T4, 15360 MiB, 7189 MiB, 35 %
2026/09/29 20:36:53.966, Tesla T4, 15360 MiB, 7189 MiB, 44 %
2026/09/29 20:36:54.468, Tesla T4, 15360 MiB, 7189 MiB, 44 %
2026/09/29 20:36:54.969, Tesla T4, 15360 MiB, 7189 MiB, 72 %
2026/09/29 20:36:55.471, Tesla T4, 15360 MiB, 7189 MiB, 50 %
2026/09/29 20:36:55.972, Tesla T4, 15360 MiB, 7189 MiB, 38 %
2026/09/29 20:36:56.473, Tesla T4, 15360 MiB, 7189 MiB, 39 %
2026/09/29 20:36:56.974, Tesla T4, 15360 MiB, 7189 MiB, 46 %
2026/09/29 20:36:57.476, Tesla T4, 15360 MiB, 7189 MiB, 37 %
2026/09/29 20:36:57.977, Tesla T4, 15360 MiB, 7189 MiB, 46 %
2026/09/29 20:36:58.478, Tesla T4, 15360 MiB, 7189 MiB, 45 %
2026/09/29 20:36:58.980, Tesla T4, 15360 MiB, 7189 MiB, 47 %
2026/09/29 20:36:59.481, Tesla T4, 15360 MiB, 7189 MiB, 64 %
2026/09/29 20:36:59.982, Tesla T4, 15360 MiB, 7189 MiB, 55 %
2026/09/29 20:37:00.484, Tesla T4, 15360 MiB, 7189 MiB, 43 %
2026/09/29 20:37:00.985, Tesla T4, 15360 MiB, 7189 MiB, 43 %
2026/09/29 20:37:01.487, Tesla T4, 15360 MiB, 7189 MiB, 47 %
2026/09/29 20:37:01.988, Tesla T4, 15360 MiB, 7189 MiB, 48 %
2026/09/29 20:37:02.490, Tesla T4, 15360 MiB, 7189 MiB, 44 %
2026/09/29 20:37:02.991, Tesla T4, 15360 MiB, 7189 MiB, 51 %
2026/09/29 20:37:03.493, Tesla T4, 15360 MiB, 7189 MiB, 45 %
2026/09/29 20:37:03.996, Tesla T4, 15360 MiB, 7189 MiB, 47 %
2026/09/29 20:37:04.497, Tesla T4, 15360 MiB, 7189 MiB, 50 %
2026/09/29 20:37:05.000, Tesla T4, 15360 MiB, 7189 MiB, 35 %
2026/09/29 20:37:05.502, Tesla T4, 15360 MiB, 7189 MiB, 34 %
2026/09/29 20:37:06.003, Tesla T4, 15360 MiB, 7189 MiB, 35 %
2026/09/29 20:37:06.507, Tesla T4, 15360 MiB, 7189 MiB, 37 %
2026/09/29 20:37:07.008, Tesla T4, 15360 MiB, 7189 MiB, 46 %
2026/09/29 20:37:07.509, Tesla T4, 15360 MiB, 7189 MiB, 45 %
2026/09/29 20:37:08.011, Tesla T4, 15360 MiB, 7189 MiB, 47 %
2026/09/29 20:37:08.512, Tesla T4, 15360 MiB, 7189 MiB, 84 %
2026/09/29 20:37:09.013, Tesla T4, 15360 MiB, 7189 MiB, 54 %
2026/09/29 20:37:09.515, Tesla T4, 15360 MiB, 7189 MiB, 41 %
2026/09/29 20:37:10.016, Tesla T4, 15360 MiB, 7189 MiB, 46 %
2026/09/29 20:37:10.517, Tesla T4, 15360 MiB, 7189 MiB, 42 %
2026/09/29 20:37:11.020, Tesla T4, 15360 MiB, 7189 MiB, 43 %
2026/09/29 20:37:11.521, Tesla T4, 15360 MiB, 7189 MiB, 43 %
2026/09/29 20:37:12.022, Tesla T4, 15360 MiB, 7189 MiB, 47 %
2026/09/29 20:37:12.524, Tesla T4, 15360 MiB, 7189 MiB, 45 %
2026/09/29 20:37:13.026, Tesla T4, 15360 MiB, 7189 MiB, 48 %
2026/09/29 20:37:13.527, Tesla T4, 15360 MiB, 7189 MiB, 49 %
2026/09/29 20:37:14.029, Tesla T4, 15360 MiB, 7189 MiB, 47 %
2026/09/29 20:37:14.530, Tesla T4, 15360 MiB, 7189 MiB, 48 %
2026/09/29 20:37:15.033, Tesla T4, 15360 MiB, 7189 MiB, 76 %
2026/09/29 20:37:15.535, Tesla T4, 15360 MiB, 7189 MiB, 55 %
2026/09/29 20:37:16.036, Tesla T4, 15360 MiB, 7189 MiB, 46 %
2026/09/29 20:37:16.539, Tesla T4, 15360 MiB, 7189 MiB, 41 %
2026/09/29 20:37:17.040, Tesla T4, 15360 MiB, 7189 MiB, 44 %
2026/09/29 20:37:17.543, Tesla T4, 15360 MiB, 7189 MiB, 64 %
2026/09/29 20:37:18.045, Tesla T4, 15360 MiB, 7189 MiB, 49 %
2026/09/29 20:37:18.546, Tesla T4, 15360 MiB, 7189 MiB, 37 %
2026/09/29 20:37:19.050, Tesla T4, 15360 MiB, 7189 MiB, 43 %
2026/09/29 20:37:19.554, Tesla T4, 15360 MiB, 7189 MiB, 43 %
2026/09/29 20:37:20.055, Tesla T4, 15360 MiB, 7189 MiB, 49 %
2026/09/29 20:37:20.557, Tesla T4, 15360 MiB, 7189 MiB, 47 %
2026/09/29 20:37:21.059, Tesla T4, 15360 MiB, 7189 MiB, 38 %
2026/09/29 20:37:21.560, Tesla T4, 15360 MiB, 7189 MiB, 38 %
2026/09/29 20:37:22.061, Tesla T4, 15360 MiB, 7189 MiB, 48 %
2026/09/29 20:37:22.562, Tesla T4, 15360 MiB, 7189 MiB, 38 %
2026/09/29 20:37:23.064, Tesla T4, 15360 MiB, 7189 MiB, 45 %
2026/09/29 20:37:23.565, Tesla T4, 15360 MiB, 7189 MiB, 52 %
2026/09/29 20:37:24.066, Tesla T4, 15360 MiB, 7189 MiB, 63 %
2026/09/29 20:37:24.568, Tesla T4, 15360 MiB, 7189 MiB, 52 %
2026/09/29 20:37:25.069, Tesla T4, 15360 MiB, 7189 MiB, 43 %
2026/09/29 20:37:25.570, Tesla T4, 15360 MiB, 7189 MiB, 44 %
2026/09/29 20:37:26.072, Tesla T4, 15360 MiB, 7189 MiB, 45 %
2026/09/29 20:37:26.573, Tesla T4, 15360 MiB, 7189 MiB, 50 %
2026/09/29 20:37:27.074, Tesla T4, 15360 MiB, 7189 MiB, 35 %
2026/09/29 20:37:27.575, Tesla T4, 15360 MiB, 7189 MiB, 40 %
2026/09/29 20:37:28.077, Tesla T4, 15360 MiB, 7189 MiB, 40 %
2026/09/29 20:37:28.578, Tesla T4, 15360 MiB, 7189 MiB, 54 %
2026/09/29 20:37:29.080, Tesla T4, 15360 MiB, 7189 MiB, 35 %
2026/09/29 20:37:29.582, Tesla T4, 15360 MiB, 7189 MiB, 43 %
2026/09/29 20:37:30.084, Tesla T4, 15360 MiB, 7189 MiB, 53 %
2026/09/29 20:37:30.585, Tesla T4, 15360 MiB, 7189 MiB, 42 %
2026/09/29 20:37:31.088, Tesla T4, 15360 MiB, 7189 MiB, 50 %
2026/09/29 20:37:31.590, Tesla T4, 15360 MiB, 7189 MiB, 53 %
2026/09/29 20:37:32.091, Tesla T4, 15360 MiB, 7189 MiB, 46 %
2026/09/29 20:37:32.592, Tesla T4, 15360 MiB, 7189 MiB, 55 %
2026/09/29 20:37:33.093, Tesla T4, 15360 MiB, 7189 MiB, 47 %
2026/09/29 20:37:33.597, Tesla T4, 15360 MiB, 7189 MiB, 54 %
2026/09/29 20:37:34.098, Tesla T4, 15360 MiB, 7189 MiB, 46 %
2026/09/29 20:37:34.600, Tesla T4, 15360 MiB, 7189 MiB, 44 %
2026/09/29 20:37:35.101, Tesla T4, 15360 MiB, 7189 MiB, 43 %
2026/09/29 20:37:35.602, Tesla T4, 15360 MiB, 7189 MiB, 68 %
2026/09/29 20:37:36.104, Tesla T4, 15360 MiB, 7189 MiB, 42 %
2026/09/29 20:37:36.606, Tesla T4, 15360 MiB, 7189 MiB, 44 %
2026/09/29 20:37:37.108, Tesla T4, 15360 MiB, 7189 MiB, 45 %
2026/09/29 20:37:37.612, Tesla T4, 15360 MiB, 7189 MiB, 45 %
2026/09/29 20:37:38.114, Tesla T4, 15360 MiB, 7189 MiB, 51 %
2026/09/29 20:37:38.615, Tesla T4, 15360 MiB, 7189 MiB, 49 %
2026/09/29 20:37:39.117, Tesla T4, 15360 MiB, 7189 MiB, 49 %
2026/09/29 20:37:39.620, Tesla T4, 15360 MiB, 7189 MiB, 49 %
2026/09/29 20:37:40.122, Tesla T4, 15360 MiB, 7189 MiB, 66 %
2026/09/29 20:37:40.623, Tesla T4, 15360 MiB, 7189 MiB, 57 %
2026/09/29 20:37:41.125, Tesla T4, 15360 MiB, 7189 MiB, 47 %
2026/09/29 20:37:41.626, Tesla T4, 15360 MiB, 7189 MiB, 53 %
2026/09/29 20:37:42.129, Tesla T4, 15360 MiB, 7189 MiB, 45 %
2026/09/29 20:37:42.631, Tesla T4, 15360 MiB, 7189 MiB, 66 %
2026/09/29 20:37:43.133, Tesla T4, 15360 MiB, 7189 MiB, 50 %
2026/09/29 20:37:43.635, Tesla T4, 15360 MiB, 7189 MiB, 0 %
2026/09/29 20:37:44.139, Tesla T4, 15360 MiB, 7189 MiB, 42 %
2026/09/29 20:37:44.640, Tesla T4, 15360 MiB, 7189 MiB, 43 %
2026/09/29 20:37:45.141, Tesla T4, 15360 MiB, 7189 MiB, 71 %
2026/09/29 20:37:45.642, Tesla T4, 15360 MiB, 7189 MiB, 50 %
2026/09/29 20:37:46.144, Tesla T4, 15360 MiB, 7189 MiB, 45 %
2026/09/29 20:37:46.645, Tesla T4, 15360 MiB, 7189 MiB, 43 %
2026/09/29 20:37:47.146, Tesla T4, 15360 MiB, 7189 MiB, 46 %
2026/09/29 20:37:47.647, Tesla T4, 15360 MiB, 7189 MiB, 65 %
2026/09/29 20:37:48.149, Tesla T4, 15360 MiB, 7189 MiB, 54 %
2026/09/29 20:37:48.650, Tesla T4, 15360 MiB, 7189 MiB, 38 %
2026/09/29 20:37:49.152, Tesla T4, 15360 MiB, 7189 MiB, 39 %
2026/09/29 20:37:49.653, Tesla T4, 15360 MiB, 7189 MiB, 47 %
2026/09/29 20:37:50.154, Tesla T4, 15360 MiB, 7189 MiB, 38 %
2026/09/29 20:37:50.655, Tesla T4, 15360 MiB, 7189 MiB, 44 %
2026/09/29 20:37:51.157, Tesla T4, 15360 MiB, 7189 MiB, 52 %
2026/09/29 20:37:51.658, Tesla T4, 15360 MiB, 7189 MiB, 45 %
2026/09/29 20:37:52.161, Tesla T4, 15360 MiB, 7189 MiB, 52 %
2026/09/29 20:37:52.663, Tesla T4, 15360 MiB, 7189 MiB, 48 %
2026/09/29 20:37:53.164, Tesla T4, 15360 MiB, 7189 MiB, 47 %
2026/09/29 20:37:53.666, Tesla T4, 15360 MiB, 7189 MiB, 48 %
2026/09/29 20:37:54.168, Tesla T4, 15360 MiB, 7189 MiB, 70 %
2026/09/29 20:37:54.670, Tesla T4, 15360 MiB, 7189 MiB, 54 %
2026/09/29 20:37:55.173, Tesla T4, 15360 MiB, 7189 MiB, 44 %
2026/09/29 20:37:55.675, Tesla T4, 15360 MiB, 7189 MiB, 43 %
2026/09/29 20:37:56.177, Tesla T4, 15360 MiB, 7189 MiB, 40 %
2026/09/29 20:37:56.679, Tesla T4, 15360 MiB, 7189 MiB, 73 %
2026/09/29 20:37:57.180, Tesla T4, 15360 MiB, 7189 MiB, 55 %
2026/09/29 20:37:57.682, Tesla T4, 15360 MiB, 7189 MiB, 43 %
2026/09/29 20:37:58.183, Tesla T4, 15360 MiB, 7189 MiB, 43 %
2026/09/29 20:37:58.684, Tesla T4, 15360 MiB, 7189 MiB, 44 %
2026/09/29 20:37:59.186, Tesla T4, 15360 MiB, 7189 MiB, 52 %
2026/09/29 20:37:59.687, Tesla T4, 15360 MiB, 7189 MiB, 47 %
2026/09/29 20:38:00.188, Tesla T4, 15360 MiB, 7189 MiB, 44 %
2026/09/29 20:38:00.690, Tesla T4, 15360 MiB, 7189 MiB, 45 %
2026/09/29 20:38:01.191, Tesla T4, 15360 MiB, 7189 MiB, 71 %
2026/09/29 20:38:01.693, Tesla T4, 15360 MiB, 7189 MiB, 51 %
2026/09/29 20:38:02.195, Tesla T4, 15360 MiB, 7189 MiB, 41 %
2026/09/29 20:38:02.697, Tesla T4, 15360 MiB, 7189 MiB, 46 %
2026/09/29 20:38:03.198, Tesla T4, 15360 MiB, 7189 MiB, 42 %
2026/09/29 20:38:03.699, Tesla T4, 15360 MiB, 7189 MiB, 46 %
2026/09/29 20:38:04.201, Tesla T4, 15360 MiB, 7189 MiB, 34 %
2026/09/29 20:38:04.702, Tesla T4, 15360 MiB, 7189 MiB, 44 %
2026/09/29 20:38:05.204, Tesla T4, 15360 MiB, 7189 MiB, 47 %
2026/09/29 20:38:05.705, Tesla T4, 15360 MiB, 7189 MiB, 67 %
2026/09/29 20:38:06.207, Tesla T4, 15360 MiB, 7189 MiB, 55 %
2026/09/29 20:38:06.708, Tesla T4, 15360 MiB, 7189 MiB, 45 %
2026/09/29 20:38:07.209, Tesla T4, 15360 MiB, 7189 MiB, 49 %
2026/09/29 20:38:07.717, Tesla T4, 15360 MiB, 7189 MiB, 44 %
2026/09/29 20:38:08.221, Tesla T4, 15360 MiB, 7189 MiB, 70 %
2026/09/29 20:38:08.723, Tesla T4, 15360 MiB, 7189 MiB, 47 %
2026/09/29 20:38:09.226, Tesla T4, 15360 MiB, 7189 MiB, 33 %
2026/09/29 20:38:09.728, Tesla T4, 15360 MiB, 7189 MiB, 40 %
2026/09/29 20:38:10.229, Tesla T4, 15360 MiB, 7189 MiB, 40 %
2026/09/29 20:38:10.732, Tesla T4, 15360 MiB, 7189 MiB, 39 %
2026/09/29 20:38:11.233, Tesla T4, 15360 MiB, 7189 MiB, 39 %
2026/09/29 20:38:11.734, Tesla T4, 15360 MiB, 7189 MiB, 39 %
2026/09/29 20:38:12.236, Tesla T4, 15360 MiB, 7189 MiB, 40 %
2026/09/29 20:38:12.737, Tesla T4, 15360 MiB, 7189 MiB, 38 %
2026/09/29 20:38:13.238, Tesla T4, 15360 MiB, 7189 MiB, 38 %
2026/09/29 20:38:13.740, Tesla T4, 15360 MiB, 7189 MiB, 46 %
2026/09/29 20:38:14.241, Tesla T4, 15360 MiB, 7189 MiB, 48 %
2026/09/29 20:38:14.743, Tesla T4, 15360 MiB, 7189 MiB, 80 %
2026/09/29 20:38:15.245, Tesla T4, 15360 MiB, 7189 MiB, 56 %
2026/09/29 20:38:15.746, Tesla T4, 15360 MiB, 7189 MiB, 46 %
2026/09/29 20:38:16.248, Tesla T4, 15360 MiB, 7189 MiB, 49 %
2026/09/29 20:38:16.749, Tesla T4, 15360 MiB, 7189 MiB, 46 %
2026/09/29 20:38:17.250, Tesla T4, 15360 MiB, 7189 MiB, 68 %
2026/09/29 20:38:17.751, Tesla T4, 15360 MiB, 7189 MiB, 53 %
2026/09/29 20:38:18.253, Tesla T4, 15360 MiB, 7189 MiB, 44 %
2026/09/29 20:38:18.755, Tesla T4, 15360 MiB, 7189 MiB, 43 %
2026/09/29 20:38:19.256, Tesla T4, 15360 MiB, 7189 MiB, 45 %
2026/09/29 20:38:19.759, Tesla T4, 15360 MiB, 7189 MiB, 44 %
2026/09/29 20:38:20.261, Tesla T4, 15360 MiB, 7189 MiB, 40 %
2026/09/29 20:38:20.763, Tesla T4, 15360 MiB, 7189 MiB, 38 %
2026/09/29 20:38:21.265, Tesla T4, 15360 MiB, 7189 MiB, 36 %
2026/09/29 20:38:21.767, Tesla T4, 15360 MiB, 7189 MiB, 59 %
2026/09/29 20:38:22.269, Tesla T4, 15360 MiB, 7189 MiB, 42 %
2026/09/29 20:38:22.770, Tesla T4, 15360 MiB, 7189 MiB, 44 %
2026/09/29 20:38:23.272, Tesla T4, 15360 MiB, 7189 MiB, 45 %
2026/09/29 20:38:23.773, Tesla T4, 15360 MiB, 7189 MiB, 45 %
2026/09/29 20:38:24.275, Tesla T4, 15360 MiB, 7189 MiB, 71 %
2026/09/29 20:38:24.776, Tesla T4, 15360 MiB, 7189 MiB, 52 %
2026/09/29 20:38:25.278, Tesla T4, 15360 MiB, 7189 MiB, 38 %
2026/09/29 20:38:25.779, Tesla T4, 15360 MiB, 7189 MiB, 39 %
2026/09/29 20:38:26.280, Tesla T4, 15360 MiB, 7189 MiB, 49 %
2026/09/29 20:38:26.782, Tesla T4, 15360 MiB, 7189 MiB, 37 %
2026/09/29 20:38:27.284, Tesla T4, 15360 MiB, 7189 MiB, 40 %
2026/09/29 20:38:27.786, Tesla T4, 15360 MiB, 7189 MiB, 40 %
2026/09/29 20:38:28.287, Tesla T4, 15360 MiB, 7189 MiB, 41 %
2026/09/29 20:38:28.788, Tesla T4, 15360 MiB, 7189 MiB, 40 %
2026/09/29 20:38:29.290, Tesla T4, 15360 MiB, 7189 MiB, 42 %
2026/09/29 20:38:29.791, Tesla T4, 15360 MiB, 7189 MiB, 48 %
2026/09/29 20:38:30.293, Tesla T4, 15360 MiB, 7189 MiB, 44 %
2026/09/29 20:38:30.794, Tesla T4, 15360 MiB, 7189 MiB, 48 %
2026/09/29 20:38:31.295, Tesla T4, 15360 MiB, 7189 MiB, 46 %
2026/09/29 20:38:31.797, Tesla T4, 15360 MiB, 7189 MiB, 44 %
2026/09/29 20:38:32.300, Tesla T4, 15360 MiB, 7189 MiB, 39 %
2026/09/29 20:38:32.801, Tesla T4, 15360 MiB, 7189 MiB, 61 %
2026/09/29 20:38:33.305, Tesla T4, 15360 MiB, 7189 MiB, 51 %
2026/09/29 20:38:33.808, Tesla T4, 15360 MiB, 7189 MiB, 35 %
2026/09/29 20:38:34.312, Tesla T4, 15360 MiB, 7189 MiB, 40 %
2026/09/29 20:38:34.814, Tesla T4, 15360 MiB, 7189 MiB, 40 %
2026/09/29 20:38:35.316, Tesla T4, 15360 MiB, 7189 MiB, 59 %
2026/09/29 20:38:35.817, Tesla T4, 15360 MiB, 7189 MiB, 43 %
2026/09/29 20:38:36.319, Tesla T4, 15360 MiB, 7189 MiB, 41 %
2026/09/29 20:38:36.820, Tesla T4, 15360 MiB, 7189 MiB, 39 %
2026/09/29 20:38:37.322, Tesla T4, 15360 MiB, 7189 MiB, 58 %
2026/09/29 20:38:37.823, Tesla T4, 15360 MiB, 7189 MiB, 44 %
2026/09/29 20:38:38.324, Tesla T4, 15360 MiB, 7189 MiB, 44 %
2026/09/29 20:38:38.826, Tesla T4, 15360 MiB, 7189 MiB, 44 %
2026/09/29 20:38:39.327, Tesla T4, 15360 MiB, 7189 MiB, 44 %
2026/09/29 20:38:39.828, Tesla T4, 15360 MiB, 7189 MiB, 48 %
2026/09/29 20:38:40.330, Tesla T4, 15360 MiB, 7189 MiB, 31 %
2026/09/29 20:38:40.831, Tesla T4, 15360 MiB, 7189 MiB, 44 %
2026/09/29 20:38:41.333, Tesla T4, 15360 MiB, 7189 MiB, 42 %
2026/09/29 20:38:41.834, Tesla T4, 15360 MiB, 7189 MiB, 43 %
2026/09/29 20:38:42.335, Tesla T4, 15360 MiB, 7189 MiB, 42 %
2026/09/29 20:38:42.837, Tesla T4, 15360 MiB, 7189 MiB, 47 %
2026/09/29 20:38:43.338, Tesla T4, 15360 MiB, 7189 MiB, 48 %
2026/09/29 20:38:43.840, Tesla T4, 15360 MiB, 7189 MiB, 73 %
2026/09/29 20:38:44.341, Tesla T4, 15360 MiB, 7189 MiB, 56 %
2026/09/29 20:38:44.844, Tesla T4, 15360 MiB, 7189 MiB, 37 %
2026/09/29 20:38:45.347, Tesla T4, 15360 MiB, 7189 MiB, 38 %
2026/09/29 20:38:45.850, Tesla T4, 15360 MiB, 7189 MiB, 42 %
2026/09/29 20:38:46.352, Tesla T4, 15360 MiB, 7189 MiB, 45 %
2026/09/29 20:38:46.855, Tesla T4, 15360 MiB, 7189 MiB, 43 %
2026/09/29 20:38:47.357, Tesla T4, 15360 MiB, 7189 MiB, 38 %
2026/09/29 20:38:47.858, Tesla T4, 15360 MiB, 7189 MiB, 52 %
2026/09/29 20:38:48.359, Tesla T4, 15360 MiB, 7189 MiB, 46 %
2026/09/29 20:38:48.862, Tesla T4, 15360 MiB, 7189 MiB, 51 %
2026/09/29 20:38:49.364, Tesla T4, 15360 MiB, 7189 MiB, 48 %
2026/09/29 20:38:49.866, Tesla T4, 15360 MiB, 7189 MiB, 39 %
2026/09/29 20:38:50.369, Tesla T4, 15360 MiB, 7189 MiB, 41 %
2026/09/29 20:38:50.871, Tesla T4, 15360 MiB, 7189 MiB, 39 %
2026/09/29 20:38:51.372, Tesla T4, 15360 MiB, 7189 MiB, 40 %
2026/09/29 20:38:51.873, Tesla T4, 15360 MiB, 7189 MiB, 44 %
2026/09/29 20:38:52.375, Tesla T4, 15360 MiB, 7189 MiB, 46 %
2026/09/29 20:38:52.876, Tesla T4, 15360 MiB, 7189 MiB, 68 %
2026/09/29 20:38:53.378, Tesla T4, 15360 MiB, 7189 MiB, 51 %
2026/09/29 20:38:53.879, Tesla T4, 15360 MiB, 7189 MiB, 45 %
2026/09/29 20:38:54.380, Tesla T4, 15360 MiB, 7189 MiB, 53 %
2026/09/29 20:38:54.882, Tesla T4, 15360 MiB, 7189 MiB, 46 %
2026/09/29 20:38:55.383, Tesla T4, 15360 MiB, 7189 MiB, 54 %
2026/09/29 20:38:55.885, Tesla T4, 15360 MiB, 7189 MiB, 47 %
2026/09/29 20:38:56.387, Tesla T4, 15360 MiB, 7189 MiB, 42 %
2026/09/29 20:38:56.888, Tesla T4, 15360 MiB, 7189 MiB, 44 %
2026/09/29 20:38:57.390, Tesla T4, 15360 MiB, 7189 MiB, 66 %
2026/09/29 20:38:57.893, Tesla T4, 15360 MiB, 7189 MiB, 42 %
2026/09/29 20:38:58.395, Tesla T4, 15360 MiB, 7189 MiB, 35 %
2026/09/29 20:38:58.897, Tesla T4, 15360 MiB, 7189 MiB, 41 %
2026/09/29 20:38:59.399, Tesla T4, 15360 MiB, 7189 MiB, 37 %
2026/09/29 20:38:59.902, Tesla T4, 15360 MiB, 7189 MiB, 37 %
2026/09/29 20:39:00.404, Tesla T4, 15360 MiB, 7189 MiB, 47 %
2026/09/29 20:39:00.905, Tesla T4, 15360 MiB, 7189 MiB, 46 %
2026/09/29 20:39:01.406, Tesla T4, 15360 MiB, 7189 MiB, 54 %
2026/09/29 20:39:01.908, Tesla T4, 15360 MiB, 7189 MiB, 54 %
2026/09/29 20:39:02.411, Tesla T4, 15360 MiB, 7189 MiB, 55 %
2026/09/29 20:39:02.913, Tesla T4, 15360 MiB, 7189 MiB, 45 %
2026/09/29 20:39:03.414, Tesla T4, 15360 MiB, 7189 MiB, 41 %
2026/09/29 20:39:03.915, Tesla T4, 15360 MiB, 7189 MiB, 42 %
2026/09/29 20:39:04.416, Tesla T4, 15360 MiB, 7189 MiB, 58 %
2026/09/29 20:39:04.917, Tesla T4, 15360 MiB, 7189 MiB, 42 %
2026/09/29 20:39:05.419, Tesla T4, 15360 MiB, 7189 MiB, 41 %
2026/09/29 20:39:05.920, Tesla T4, 15360 MiB, 7189 MiB, 44 %
2026/09/29 20:39:06.421, Tesla T4, 15360 MiB, 7189 MiB, 59 %
2026/09/29 20:39:06.923, Tesla T4, 15360 MiB, 7189 MiB, 45 %
2026/09/29 20:39:07.424, Tesla T4, 15360 MiB, 7189 MiB, 34 %
2026/09/29 20:39:07.925, Tesla T4, 15360 MiB, 7189 MiB, 38 %
2026/09/29 20:39:08.427, Tesla T4, 15360 MiB, 7189 MiB, 38 %
2026/09/29 20:39:08.928, Tesla T4, 15360 MiB, 7189 MiB, 36 %
2026/09/29 20:39:09.429, Tesla T4, 15360 MiB, 7189 MiB, 43 %
2026/09/29 20:39:09.930, Tesla T4, 15360 MiB, 7189 MiB, 43 %
2026/09/29 20:39:10.432, Tesla T4, 15360 MiB, 7189 MiB, 39 %
2026/09/29 20:39:10.933, Tesla T4, 15360 MiB, 7189 MiB, 59 %
2026/09/29 20:39:11.437, Tesla T4, 15360 MiB, 7189 MiB, 49 %
2026/09/29 20:39:11.940, Tesla T4, 15360 MiB, 7189 MiB, 40 %
2026/09/29 20:39:12.443, Tesla T4, 15360 MiB, 7189 MiB, 46 %
2026/09/29 20:39:12.945, Tesla T4, 15360 MiB, 7189 MiB, 38 %
2026/09/29 20:39:13.446, Tesla T4, 15360 MiB, 7189 MiB, 54 %
2026/09/29 20:39:13.948, Tesla T4, 15360 MiB, 7189 MiB, 50 %
2026/09/29 20:39:14.449, Tesla T4, 15360 MiB, 7189 MiB, 40 %
2026/09/29 20:39:14.950, Tesla T4, 15360 MiB, 7189 MiB, 39 %
2026/09/29 20:39:15.452, Tesla T4, 15360 MiB, 7189 MiB, 41 %
2026/09/29 20:39:15.953, Tesla T4, 15360 MiB, 7189 MiB, 38 %
2026/09/29 20:39:16.455, Tesla T4, 15360 MiB, 7189 MiB, 41 %
2026/09/29 20:39:16.957, Tesla T4, 15360 MiB, 7189 MiB, 45 %
2026/09/29 20:39:17.458, Tesla T4, 15360 MiB, 7189 MiB, 59 %
2026/09/29 20:39:17.960, Tesla T4, 15360 MiB, 7189 MiB, 44 %
2026/09/29 20:39:18.461, Tesla T4, 15360 MiB, 7189 MiB, 44 %
2026/09/29 20:39:18.962, Tesla T4, 15360 MiB, 7189 MiB, 50 %
2026/09/29 20:39:19.464, Tesla T4, 15360 MiB, 7189 MiB, 44 %
2026/09/29 20:39:19.967, Tesla T4, 15360 MiB, 7189 MiB, 51 %
2026/09/29 20:39:20.468, Tesla T4, 15360 MiB, 7189 MiB, 46 %
2026/09/29 20:39:20.969, Tesla T4, 15360 MiB, 7189 MiB, 42 %
2026/09/29 20:39:21.472, Tesla T4, 15360 MiB, 7189 MiB, 45 %
2026/09/29 20:39:21.974, Tesla T4, 15360 MiB, 7189 MiB, 68 %
2026/09/29 20:39:22.476, Tesla T4, 15360 MiB, 7189 MiB, 50 %
2026/09/29 20:39:22.977, Tesla T4, 15360 MiB, 7189 MiB, 39 %
2026/09/29 20:39:23.478, Tesla T4, 15360 MiB, 7189 MiB, 38 %
2026/09/29 20:39:23.979, Tesla T4, 15360 MiB, 7189 MiB, 39 %
2026/09/29 20:39:24.481, Tesla T4, 15360 MiB, 7189 MiB, 40 %
2026/09/29 20:39:24.982, Tesla T4, 15360 MiB, 7189 MiB, 37 %
2026/09/29 20:39:25.485, Tesla T4, 15360 MiB, 7189 MiB, 38 %
2026/09/29 20:39:25.986, Tesla T4, 15360 MiB, 7189 MiB, 45 %
2026/09/29 20:39:26.487, Tesla T4, 15360 MiB, 7189 MiB, 72 %
2026/09/29 20:39:26.989, Tesla T4, 15360 MiB, 7189 MiB, 50 %
2026/09/29 20:39:27.490, Tesla T4, 15360 MiB, 7189 MiB, 40 %
2026/09/29 20:39:27.992, Tesla T4, 15360 MiB, 7189 MiB, 45 %
2026/09/29 20:39:28.493, Tesla T4, 15360 MiB, 7189 MiB, 45 %
2026/09/29 20:39:28.995, Tesla T4, 15360 MiB, 7189 MiB, 44 %
2026/09/29 20:39:29.496, Tesla T4, 15360 MiB, 7189 MiB, 37 %
2026/09/29 20:39:29.997, Tesla T4, 15360 MiB, 7189 MiB, 37 %
2026/09/29 20:39:30.499, Tesla T4, 15360 MiB, 7189 MiB, 37 %
2026/09/29 20:39:31.000, Tesla T4, 15360 MiB, 7189 MiB, 36 %
2026/09/29 20:39:31.501, Tesla T4, 15360 MiB, 7189 MiB, 36 %
2026/09/29 20:39:32.003, Tesla T4, 15360 MiB, 7189 MiB, 39 %
2026/09/29 20:39:32.504, Tesla T4, 15360 MiB, 7189 MiB, 40 %
2026/09/29 20:39:33.005, Tesla T4, 15360 MiB, 7189 MiB, 40 %
2026/09/29 20:39:33.507, Tesla T4, 15360 MiB, 7189 MiB, 30 %
2026/09/29 20:39:34.009, Tesla T4, 15360 MiB, 7189 MiB, 42 %
2026/09/29 20:39:34.510, Tesla T4, 15360 MiB, 7189 MiB, 44 %
2026/09/29 20:39:35.012, Tesla T4, 15360 MiB, 7189 MiB, 62 %
2026/09/29 20:39:35.513, Tesla T4, 15360 MiB, 7189 MiB, 45 %
2026/09/29 20:39:36.016, Tesla T4, 15360 MiB, 7189 MiB, 42 %
2026/09/29 20:39:36.518, Tesla T4, 15360 MiB, 7189 MiB, 50 %
2026/09/29 20:39:37.019, Tesla T4, 15360 MiB, 7189 MiB, 39 %
2026/09/29 20:39:37.524, Tesla T4, 15360 MiB, 7189 MiB, 49 %
2026/09/29 20:39:38.025, Tesla T4, 15360 MiB, 7189 MiB, 41 %
2026/09/29 20:39:38.528, Tesla T4, 15360 MiB, 7189 MiB, 46 %
2026/09/29 20:39:39.030, Tesla T4, 15360 MiB, 7189 MiB, 43 %
2026/09/29 20:39:39.532, Tesla T4, 15360 MiB, 7189 MiB, 47 %
2026/09/29 20:39:40.033, Tesla T4, 15360 MiB, 7189 MiB, 67 %
2026/09/29 20:39:40.534, Tesla T4, 15360 MiB, 7189 MiB, 56 %
2026/09/29 20:39:41.036, Tesla T4, 15360 MiB, 7189 MiB, 46 %
2026/09/29 20:39:41.537, Tesla T4, 15360 MiB, 7189 MiB, 47 %
2026/09/29 20:39:42.039, Tesla T4, 15360 MiB, 7189 MiB, 47 %
2026/09/29 20:39:42.540, Tesla T4, 15360 MiB, 7189 MiB, 55 %
2026/09/29 20:39:43.042, Tesla T4, 15360 MiB, 7189 MiB, 52 %
2026/09/29 20:39:43.544, Tesla T4, 15360 MiB, 7189 MiB, 51 %
2026/09/29 20:39:44.046, Tesla T4, 15360 MiB, 7189 MiB, 49 %
2026/09/29 20:39:44.547, Tesla T4, 15360 MiB, 7189 MiB, 68 %
2026/09/29 20:39:45.050, Tesla T4, 15360 MiB, 7189 MiB, 57 %
2026/09/29 20:39:45.554, Tesla T4, 15360 MiB, 7189 MiB, 44 %
2026/09/29 20:39:46.055, Tesla T4, 15360 MiB, 7189 MiB, 52 %
2026/09/29 20:39:46.556, Tesla T4, 15360 MiB, 7189 MiB, 45 %
2026/09/29 20:39:47.060, Tesla T4, 15360 MiB, 7189 MiB, 52 %
2026/09/29 20:39:47.561, Tesla T4, 15360 MiB, 7189 MiB, 44 %
2026/09/29 20:39:48.062, Tesla T4, 15360 MiB, 7189 MiB, 41 %
2026/09/29 20:39:48.565, Tesla T4, 15360 MiB, 7189 MiB, 38 %
2026/09/29 20:39:49.067, Tesla T4, 15360 MiB, 7189 MiB, 58 %
2026/09/29 20:39:49.569, Tesla T4, 15360 MiB, 7189 MiB, 42 %
2026/09/29 20:39:50.073, Tesla T4, 15360 MiB, 7189 MiB, 40 %
2026/09/29 20:39:50.577, Tesla T4, 15360 MiB, 7189 MiB, 48 %
2026/09/29 20:39:51.079, Tesla T4, 15360 MiB, 7189 MiB, 44 %
2026/09/29 20:39:51.580, Tesla T4, 15360 MiB, 7189 MiB, 57 %
2026/09/29 20:39:52.082, Tesla T4, 15360 MiB, 7189 MiB, 55 %
2026/09/29 20:39:52.583, Tesla T4, 15360 MiB, 7189 MiB, 42 %
2026/09/29 20:39:53.085, Tesla T4, 15360 MiB, 7189 MiB, 50 %
2026/09/29 20:39:53.586, Tesla T4, 15360 MiB, 7189 MiB, 43 %
2026/09/29 20:39:54.088, Tesla T4, 15360 MiB, 7189 MiB, 51 %
2026/09/29 20:39:54.589, Tesla T4, 15360 MiB, 7189 MiB, 40 %
2026/09/29 20:39:55.091, Tesla T4, 15360 MiB, 7189 MiB, 38 %
2026/09/29 20:39:55.592, Tesla T4, 15360 MiB, 7189 MiB, 39 %
2026/09/29 20:39:56.093, Tesla T4, 15360 MiB, 7189 MiB, 37 %
2026/09/29 20:39:56.595, Tesla T4, 15360 MiB, 7189 MiB, 37 %
2026/09/29 20:39:57.097, Tesla T4, 15360 MiB, 7189 MiB, 45 %
2026/09/29 20:39:57.598, Tesla T4, 15360 MiB, 7189 MiB, 47 %
2026/09/29 20:39:58.099, Tesla T4, 15360 MiB, 7189 MiB, 65 %
2026/09/29 20:39:58.601, Tesla T4, 15360 MiB, 7189 MiB, 54 %
2026/09/29 20:39:59.102, Tesla T4, 15360 MiB, 7189 MiB, 41 %
2026/09/29 20:39:59.604, Tesla T4, 15360 MiB, 7189 MiB, 41 %
2026/09/29 20:40:00.105, Tesla T4, 15360 MiB, 7189 MiB, 40 %
2026/09/29 20:40:00.608, Tesla T4, 15360 MiB, 7189 MiB, 39 %
2026/09/29 20:40:01.110, Tesla T4, 15360 MiB, 7189 MiB, 32 %
2026/09/29 20:40:01.612, Tesla T4, 15360 MiB, 7189 MiB, 40 %
2026/09/29 20:40:02.116, Tesla T4, 15360 MiB, 7189 MiB, 41 %
2026/09/29 20:40:02.618, Tesla T4, 15360 MiB, 7189 MiB, 53 %
2026/09/29 20:40:03.120, Tesla T4, 15360 MiB, 7189 MiB, 41 %
2026/09/29 20:40:03.622, Tesla T4, 15360 MiB, 7189 MiB, 39 %
2026/09/29 20:40:04.123, Tesla T4, 15360 MiB, 7189 MiB, 0 %
2026/09/29 20:40:04.625, Tesla T4, 15360 MiB, 7189 MiB, 42 %
2026/09/29 20:40:05.126, Tesla T4, 15360 MiB, 7189 MiB, 60 %
2026/09/29 20:40:05.627, Tesla T4, 15360 MiB, 7189 MiB, 45 %
2026/09/29 20:40:06.129, Tesla T4, 15360 MiB, 7189 MiB, 47 %
2026/09/29 20:40:06.630, Tesla T4, 15360 MiB, 7189 MiB, 54 %
2026/09/29 20:40:07.132, Tesla T4, 15360 MiB, 7189 MiB, 47 %
2026/09/29 20:40:07.636, Tesla T4, 15360 MiB, 7189 MiB, 54 %
2026/09/29 20:40:08.138, Tesla T4, 15360 MiB, 7189 MiB, 56 %
2026/09/29 20:40:08.639, Tesla T4, 15360 MiB, 7189 MiB, 44 %
2026/09/29 20:40:09.140, Tesla T4, 15360 MiB, 7189 MiB, 47 %
2026/09/29 20:40:09.642, Tesla T4, 15360 MiB, 7189 MiB, 78 %
2026/09/29 20:40:10.144, Tesla T4, 15360 MiB, 7189 MiB, 55 %
2026/09/29 20:40:10.645, Tesla T4, 15360 MiB, 7189 MiB, 37 %
2026/09/29 20:40:11.147, Tesla T4, 15360 MiB, 7189 MiB, 37 %
2026/09/29 20:40:11.648, Tesla T4, 15360 MiB, 7189 MiB, 39 %
2026/09/29 20:40:12.149, Tesla T4, 15360 MiB, 7189 MiB, 36 %
2026/09/29 20:40:12.651, Tesla T4, 15360 MiB, 7189 MiB, 36 %
2026/09/29 20:40:13.152, Tesla T4, 15360 MiB, 7189 MiB, 40 %
2026/09/29 20:40:13.654, Tesla T4, 15360 MiB, 7189 MiB, 35 %
2026/09/29 20:40:14.155, Tesla T4, 15360 MiB, 7189 MiB, 46 %
2026/09/29 20:40:14.656, Tesla T4, 15360 MiB, 7189 MiB, 37 %
2026/09/29 20:40:15.159, Tesla T4, 15360 MiB, 7189 MiB, 38 %
2026/09/29 20:40:15.660, Tesla T4, 15360 MiB, 7189 MiB, 34 %
2026/09/29 20:40:16.161, Tesla T4, 15360 MiB, 7189 MiB, 36 %
2026/09/29 20:40:16.662, Tesla T4, 15360 MiB, 7189 MiB, 42 %
2026/09/29 20:40:17.163, Tesla T4, 15360 MiB, 7189 MiB, 41 %
2026/09/29 20:40:17.665, Tesla T4, 15360 MiB, 7189 MiB, 42 %
2026/09/29 20:40:18.166, Tesla T4, 15360 MiB, 7189 MiB, 42 %
2026/09/29 20:40:18.667, Tesla T4, 15360 MiB, 7189 MiB, 43 %
2026/09/29 20:40:19.169, Tesla T4, 15360 MiB, 7189 MiB, 45 %
2026/09/29 20:40:19.670, Tesla T4, 15360 MiB, 7189 MiB, 40 %
2026/09/29 20:40:20.171, Tesla T4, 15360 MiB, 7189 MiB, 41 %
2026/09/29 20:40:20.673, Tesla T4, 15360 MiB, 7189 MiB, 49 %
2026/09/29 20:40:21.174, Tesla T4, 15360 MiB, 7189 MiB, 44 %
2026/09/29 20:40:21.676, Tesla T4, 15360 MiB, 7189 MiB, 43 %
2026/09/29 20:40:22.177, Tesla T4, 15360 MiB, 7189 MiB, 51 %
2026/09/29 20:40:22.678, Tesla T4, 15360 MiB, 7189 MiB, 58 %
2026/09/29 20:40:23.182, Tesla T4, 15360 MiB, 7189 MiB, 52 %
2026/09/29 20:40:23.683, Tesla T4, 15360 MiB, 7189 MiB, 39 %
2026/09/29 20:40:24.185, Tesla T4, 15360 MiB, 7189 MiB, 41 %
2026/09/29 20:40:24.686, Tesla T4, 15360 MiB, 7189 MiB, 40 %
2026/09/29 20:40:25.188, Tesla T4, 15360 MiB, 7189 MiB, 44 %
2026/09/29 20:40:25.689, Tesla T4, 15360 MiB, 7189 MiB, 39 %
2026/09/29 20:40:26.191, Tesla T4, 15360 MiB, 7189 MiB, 37 %
2026/09/29 20:40:26.694, Tesla T4, 15360 MiB, 7189 MiB, 35 %
2026/09/29 20:40:27.196, Tesla T4, 15360 MiB, 7189 MiB, 43 %
2026/09/29 20:40:27.699, Tesla T4, 15360 MiB, 7189 MiB, 35 %
2026/09/29 20:40:28.202, Tesla T4, 15360 MiB, 7189 MiB, 30 %
2026/09/29 20:40:28.703, Tesla T4, 15360 MiB, 7189 MiB, 39 %
2026/09/29 20:40:29.208, Tesla T4, 15360 MiB, 7189 MiB, 47 %
2026/09/29 20:40:29.709, Tesla T4, 15360 MiB, 7189 MiB, 72 %
2026/09/29 20:40:30.211, Tesla T4, 15360 MiB, 7189 MiB, 55 %
2026/09/29 20:40:30.712, Tesla T4, 15360 MiB, 7189 MiB, 43 %
2026/09/29 20:40:31.214, Tesla T4, 15360 MiB, 7189 MiB, 50 %
2026/09/29 20:40:31.716, Tesla T4, 15360 MiB, 7189 MiB, 44 %
2026/09/29 20:40:32.217, Tesla T4, 15360 MiB, 7189 MiB, 52 %
2026/09/29 20:40:32.718, Tesla T4, 15360 MiB, 7189 MiB, 50 %
2026/09/29 20:40:33.219, Tesla T4, 15360 MiB, 7189 MiB, 45 %
2026/09/29 20:40:33.721, Tesla T4, 15360 MiB, 7189 MiB, 46 %
2026/09/29 20:40:34.222, Tesla T4, 15360 MiB, 7189 MiB, 72 %
2026/09/29 20:40:34.724, Tesla T4, 15360 MiB, 7189 MiB, 53 %
2026/09/29 20:40:35.226, Tesla T4, 15360 MiB, 7189 MiB, 43 %
2026/09/29 20:40:35.727, Tesla T4, 15360 MiB, 7189 MiB, 48 %
2026/09/29 20:40:36.229, Tesla T4, 15360 MiB, 7189 MiB, 45 %
2026/09/29 20:40:36.730, Tesla T4, 15360 MiB, 7189 MiB, 46 %
2026/09/29 20:40:37.232, Tesla T4, 15360 MiB, 7189 MiB, 46 %
2026/09/29 20:40:37.733, Tesla T4, 15360 MiB, 7189 MiB, 44 %
2026/09/29 20:40:38.235, Tesla T4, 15360 MiB, 7189 MiB, 48 %
2026/09/29 20:40:38.736, Tesla T4, 15360 MiB, 7189 MiB, 81 %
2026/09/29 20:40:39.238, Tesla T4, 15360 MiB, 7189 MiB, 51 %
2026/09/29 20:40:39.740, Tesla T4, 15360 MiB, 7189 MiB, 43 %
2026/09/29 20:40:40.242, Tesla T4, 15360 MiB, 7189 MiB, 53 %
2026/09/29 20:40:40.744, Tesla T4, 15360 MiB, 7189 MiB, 42 %
2026/09/29 20:40:41.245, Tesla T4, 15360 MiB, 7189 MiB, 52 %
2026/09/29 20:40:41.750, Tesla T4, 15360 MiB, 7189 MiB, 53 %
2026/09/29 20:40:42.251, Tesla T4, 15360 MiB, 7189 MiB, 48 %
2026/09/29 20:40:42.752, Tesla T4, 15360 MiB, 7189 MiB, 57 %
2026/09/29 20:40:43.254, Tesla T4, 15360 MiB, 7189 MiB, 48 %
2026/09/29 20:40:43.756, Tesla T4, 15360 MiB, 7189 MiB, 57 %
2026/09/29 20:40:44.258, Tesla T4, 15360 MiB, 7189 MiB, 55 %
2026/09/29 20:40:44.760, Tesla T4, 15360 MiB, 7189 MiB, 47 %
2026/09/29 20:40:45.261, Tesla T4, 15360 MiB, 7189 MiB, 47 %
2026/09/29 20:40:45.762, Tesla T4, 15360 MiB, 7189 MiB, 56 %
2026/09/29 20:40:46.264, Tesla T4, 15360 MiB, 7189 MiB, 54 %
2026/09/29 20:40:46.765, Tesla T4, 15360 MiB, 7189 MiB, 35 %
2026/09/29 20:40:47.267, Tesla T4, 15360 MiB, 7189 MiB, 46 %
2026/09/29 20:40:47.768, Tesla T4, 15360 MiB, 7189 MiB, 41 %
2026/09/29 20:40:48.269, Tesla T4, 15360 MiB, 7189 MiB, 44 %
2026/09/29 20:40:48.771, Tesla T4, 15360 MiB, 7189 MiB, 44 %
2026/09/29 20:40:49.272, Tesla T4, 15360 MiB, 7189 MiB, 41 %
2026/09/29 20:40:49.773, Tesla T4, 15360 MiB, 7189 MiB, 42 %
2026/09/29 20:40:50.275, Tesla T4, 15360 MiB, 7189 MiB, 51 %
2026/09/29 20:40:50.776, Tesla T4, 15360 MiB, 7189 MiB, 44 %
2026/09/29 20:40:51.277, Tesla T4, 15360 MiB, 7189 MiB, 37 %
2026/09/29 20:40:51.780, Tesla T4, 15360 MiB, 7189 MiB, 33 %
2026/09/29 20:40:52.282, Tesla T4, 15360 MiB, 7189 MiB, 39 %
2026/09/29 20:40:52.786, Tesla T4, 15360 MiB, 7189 MiB, 34 %
2026/09/29 20:40:53.287, Tesla T4, 15360 MiB, 7189 MiB, 37 %
2026/09/29 20:40:53.789, Tesla T4, 15360 MiB, 7189 MiB, 42 %
2026/09/29 20:40:54.291, Tesla T4, 15360 MiB, 7189 MiB, 44 %
2026/09/29 20:40:54.793, Tesla T4, 15360 MiB, 7189 MiB, 75 %
2026/09/29 20:40:55.294, Tesla T4, 15360 MiB, 7189 MiB, 53 %
2026/09/29 20:40:55.796, Tesla T4, 15360 MiB, 7189 MiB, 46 %
2026/09/29 20:40:56.297, Tesla T4, 15360 MiB, 7189 MiB, 51 %
2026/09/29 20:40:56.798, Tesla T4, 15360 MiB, 7189 MiB, 46 %
2026/09/29 20:40:57.302, Tesla T4, 15360 MiB, 7189 MiB, 54 %
2026/09/29 20:40:57.804, Tesla T4, 15360 MiB, 7189 MiB, 56 %
2026/09/29 20:40:58.305, Tesla T4, 15360 MiB, 7189 MiB, 39 %
2026/09/29 20:40:58.806, Tesla T4, 15360 MiB, 7189 MiB, 39 %
2026/09/29 20:40:59.307, Tesla T4, 15360 MiB, 7189 MiB, 38 %
2026/09/29 20:40:59.809, Tesla T4, 15360 MiB, 7189 MiB, 38 %
2026/09/29 20:41:00.310, Tesla T4, 15360 MiB, 7189 MiB, 47 %
2026/09/29 20:41:00.812, Tesla T4, 15360 MiB, 7189 MiB, 46 %
2026/09/29 20:41:01.313, Tesla T4, 15360 MiB, 7189 MiB, 78 %
2026/09/29 20:41:01.815, Tesla T4, 15360 MiB, 7189 MiB, 54 %
2026/09/29 20:41:02.316, Tesla T4, 15360 MiB, 7189 MiB, 45 %
2026/09/29 20:41:02.817, Tesla T4, 15360 MiB, 7189 MiB, 44 %
2026/09/29 20:41:03.319, Tesla T4, 15360 MiB, 7189 MiB, 46 %
2026/09/29 20:41:03.820, Tesla T4, 15360 MiB, 7189 MiB, 76 %
2026/09/29 20:41:04.323, Tesla T4, 15360 MiB, 7189 MiB, 46 %
2026/09/29 20:41:04.826, Tesla T4, 15360 MiB, 7189 MiB, 31 %
2026/09/29 20:41:05.329, Tesla T4, 15360 MiB, 7189 MiB, 42 %
2026/09/29 20:41:05.833, Tesla T4, 15360 MiB, 7189 MiB, 37 %
2026/09/29 20:41:06.337, Tesla T4, 15360 MiB, 7189 MiB, 40 %
2026/09/29 20:41:06.839, Tesla T4, 15360 MiB, 7189 MiB, 35 %
2026/09/29 20:41:07.340, Tesla T4, 15360 MiB, 7189 MiB, 47 %
2026/09/29 20:41:07.841, Tesla T4, 15360 MiB, 7189 MiB, 54 %
2026/09/29 20:41:08.343, Tesla T4, 15360 MiB, 7189 MiB, 54 %
2026/09/29 20:41:08.844, Tesla T4, 15360 MiB, 7189 MiB, 53 %
2026/09/29 20:41:09.345, Tesla T4, 15360 MiB, 7189 MiB, 51 %
2026/09/29 20:41:09.847, Tesla T4, 15360 MiB, 7189 MiB, 43 %
2026/09/29 20:41:10.349, Tesla T4, 15360 MiB, 7189 MiB, 47 %
2026/09/29 20:41:10.850, Tesla T4, 15360 MiB, 7189 MiB, 65 %
2026/09/29 20:41:11.352, Tesla T4, 15360 MiB, 7189 MiB, 56 %
2026/09/29 20:41:11.854, Tesla T4, 15360 MiB, 7189 MiB, 47 %
2026/09/29 20:41:12.355, Tesla T4, 15360 MiB, 7189 MiB, 55 %
2026/09/29 20:41:12.857, Tesla T4, 15360 MiB, 7189 MiB, 46 %
2026/09/29 20:41:13.358, Tesla T4, 15360 MiB, 7189 MiB, 55 %
2026/09/29 20:41:13.859, Tesla T4, 15360 MiB, 7189 MiB, 55 %
2026/09/29 20:41:14.361, Tesla T4, 15360 MiB, 7189 MiB, 47 %
2026/09/29 20:41:14.862, Tesla T4, 15360 MiB, 7189 MiB, 57 %
2026/09/29 20:41:15.364, Tesla T4, 15360 MiB, 7189 MiB, 48 %
2026/09/29 20:41:15.866, Tesla T4, 15360 MiB, 7189 MiB, 56 %
2026/09/29 20:41:16.367, Tesla T4, 15360 MiB, 7189 MiB, 53 %
2026/09/29 20:41:16.869, Tesla T4, 15360 MiB, 7189 MiB, 38 %
2026/09/29 20:41:17.370, Tesla T4, 15360 MiB, 7189 MiB, 39 %
2026/09/29 20:41:17.871, Tesla T4, 15360 MiB, 7189 MiB, 47 %
2026/09/29 20:41:18.373, Tesla T4, 15360 MiB, 7189 MiB, 37 %
2026/09/29 20:41:18.876, Tesla T4, 15360 MiB, 7189 MiB, 36 %
2026/09/29 20:41:19.378, Tesla T4, 15360 MiB, 7189 MiB, 37 %
2026/09/29 20:41:19.879, Tesla T4, 15360 MiB, 7189 MiB, 47 %
2026/09/29 20:41:20.381, Tesla T4, 15360 MiB, 7189 MiB, 77 %
2026/09/29 20:41:20.884, Tesla T4, 15360 MiB, 7189 MiB, 55 %
2026/09/29 20:41:21.385, Tesla T4, 15360 MiB, 7189 MiB, 50 %
2026/09/29 20:41:21.887, Tesla T4, 15360 MiB, 7189 MiB, 49 %
2026/09/29 20:41:22.388, Tesla T4, 15360 MiB, 7189 MiB, 45 %
2026/09/29 20:41:22.889, Tesla T4, 15360 MiB, 7189 MiB, 48 %
2026/09/29 20:41:23.391, Tesla T4, 15360 MiB, 7189 MiB, 49 %
2026/09/29 20:41:23.892, Tesla T4, 15360 MiB, 7189 MiB, 42 %
2026/09/29 20:41:24.393, Tesla T4, 15360 MiB, 7189 MiB, 49 %
2026/09/29 20:41:24.894, Tesla T4, 15360 MiB, 7189 MiB, 64 %
2026/09/29 20:41:25.397, Tesla T4, 15360 MiB, 7189 MiB, 49 %
2026/09/29 20:41:25.899, Tesla T4, 15360 MiB, 7189 MiB, 39 %
2026/09/29 20:41:26.401, Tesla T4, 15360 MiB, 7189 MiB, 43 %
2026/09/29 20:41:26.902, Tesla T4, 15360 MiB, 7189 MiB, 40 %
2026/09/29 20:41:27.404, Tesla T4, 15360 MiB, 7189 MiB, 40 %
2026/09/29 20:41:27.905, Tesla T4, 15360 MiB, 7189 MiB, 44 %
2026/09/29 20:41:28.406, Tesla T4, 15360 MiB, 7189 MiB, 47 %
2026/09/29 20:41:28.908, Tesla T4, 15360 MiB, 7189 MiB, 47 %
2026/09/29 20:41:29.411, Tesla T4, 15360 MiB, 7189 MiB, 77 %
2026/09/29 20:41:29.914, Tesla T4, 15360 MiB, 7189 MiB, 48 %
2026/09/29 20:41:30.416, Tesla T4, 15360 MiB, 7189 MiB, 41 %
2026/09/29 20:41:30.919, Tesla T4, 15360 MiB, 7189 MiB, 47 %
2026/09/29 20:41:31.422, Tesla T4, 15360 MiB, 7189 MiB, 39 %
2026/09/29 20:41:31.925, Tesla T4, 15360 MiB, 7189 MiB, 41 %
2026/09/29 20:41:32.426, Tesla T4, 15360 MiB, 7189 MiB, 50 %
2026/09/29 20:41:32.927, Tesla T4, 15360 MiB, 7189 MiB, 45 %
2026/09/29 20:41:33.429, Tesla T4, 15360 MiB, 7189 MiB, 54 %
2026/09/29 20:41:33.930, Tesla T4, 15360 MiB, 7189 MiB, 69 %
2026/09/29 20:41:34.431, Tesla T4, 15360 MiB, 7189 MiB, 54 %
2026/09/29 20:41:34.933, Tesla T4, 15360 MiB, 7189 MiB, 42 %
2026/09/29 20:41:35.434, Tesla T4, 15360 MiB, 7189 MiB, 45 %
2026/09/29 20:41:35.936, Tesla T4, 15360 MiB, 7189 MiB, 44 %
2026/09/29 20:41:36.437, Tesla T4, 15360 MiB, 7189 MiB, 56 %
2026/09/29 20:41:36.939, Tesla T4, 15360 MiB, 7189 MiB, 48 %
2026/09/29 20:41:37.441, Tesla T4, 15360 MiB, 7189 MiB, 40 %
2026/09/29 20:41:37.942, Tesla T4, 15360 MiB, 7189 MiB, 42 %
2026/09/29 20:41:38.444, Tesla T4, 15360 MiB, 7189 MiB, 59 %
2026/09/29 20:41:38.945, Tesla T4, 15360 MiB, 7189 MiB, 45 %
2026/09/29 20:41:39.446, Tesla T4, 15360 MiB, 7189 MiB, 39 %
2026/09/29 20:41:39.948, Tesla T4, 15360 MiB, 7189 MiB, 41 %
2026/09/29 20:41:40.449, Tesla T4, 15360 MiB, 7189 MiB, 54 %
2026/09/29 20:41:40.951, Tesla T4, 15360 MiB, 7189 MiB, 41 %
2026/09/29 20:41:41.452, Tesla T4, 15360 MiB, 7189 MiB, 45 %
2026/09/29 20:41:41.953, Tesla T4, 15360 MiB, 7189 MiB, 46 %
2026/09/29 20:41:42.456, Tesla T4, 15360 MiB, 7189 MiB, 39 %
2026/09/29 20:41:42.961, Tesla T4, 15360 MiB, 7189 MiB, 49 %
2026/09/29 20:41:43.463, Tesla T4, 15360 MiB, 7189 MiB, 54 %
2026/09/29 20:41:43.965, Tesla T4, 15360 MiB, 7189 MiB, 41 %
2026/09/29 20:41:44.467, Tesla T4, 15360 MiB, 7189 MiB, 48 %
2026/09/29 20:41:44.970, Tesla T4, 15360 MiB, 7189 MiB, 56 %
2026/09/29 20:41:45.473, Tesla T4, 15360 MiB, 7189 MiB, 56 %
2026/09/29 20:41:45.975, Tesla T4, 15360 MiB, 7189 MiB, 50 %
2026/09/29 20:41:46.476, Tesla T4, 15360 MiB, 7189 MiB, 43 %
2026/09/29 20:41:46.978, Tesla T4, 15360 MiB, 7189 MiB, 45 %
2026/09/29 20:41:47.480, Tesla T4, 15360 MiB, 7189 MiB, 68 %
2026/09/29 20:41:47.981, Tesla T4, 15360 MiB, 7189 MiB, 49 %
2026/09/29 20:41:48.483, Tesla T4, 15360 MiB, 7189 MiB, 47 %
2026/09/29 20:41:48.984, Tesla T4, 15360 MiB, 7189 MiB, 46 %
2026/09/29 20:41:49.485, Tesla T4, 15360 MiB, 7189 MiB, 49 %
2026/09/29 20:41:49.988, Tesla T4, 15360 MiB, 7189 MiB, 55 %
2026/09/29 20:41:50.489, Tesla T4, 15360 MiB, 7189 MiB, 59 %
2026/09/29 20:41:50.991, Tesla T4, 15360 MiB, 7189 MiB, 40 %
2026/09/29 20:41:51.492, Tesla T4, 15360 MiB, 7189 MiB, 42 %
2026/09/29 20:41:51.993, Tesla T4, 15360 MiB, 7189 MiB, 45 %
2026/09/29 20:41:52.495, Tesla T4, 15360 MiB, 7189 MiB, 45 %
2026/09/29 20:41:52.996, Tesla T4, 15360 MiB, 7189 MiB, 44 %
2026/09/29 20:41:53.497, Tesla T4, 15360 MiB, 7189 MiB, 45 %
2026/09/29 20:41:53.999, Tesla T4, 15360 MiB, 7189 MiB, 73 %
2026/09/29 20:41:54.501, Tesla T4, 15360 MiB, 7189 MiB, 54 %
2026/09/29 20:41:55.002, Tesla T4, 15360 MiB, 7189 MiB, 34 %
2026/09/29 20:41:55.506, Tesla T4, 15360 MiB, 7189 MiB, 38 %
2026/09/29 20:41:56.008, Tesla T4, 15360 MiB, 7189 MiB, 38 %
2026/09/29 20:41:56.510, Tesla T4, 15360 MiB, 7189 MiB, 57 %
2026/09/29 20:41:57.012, Tesla T4, 15360 MiB, 7189 MiB, 37 %
2026/09/29 20:41:57.513, Tesla T4, 15360 MiB, 7189 MiB, 42 %
2026/09/29 20:41:58.014, Tesla T4, 15360 MiB, 7189 MiB, 53 %
2026/09/29 20:41:58.516, Tesla T4, 15360 MiB, 7189 MiB, 46 %
2026/09/29 20:41:59.017, Tesla T4, 15360 MiB, 7189 MiB, 54 %
2026/09/29 20:41:59.518, Tesla T4, 15360 MiB, 7189 MiB, 54 %
2026/09/29 20:42:00.020, Tesla T4, 15360 MiB, 7189 MiB, 38 %
2026/09/29 20:42:00.521, Tesla T4, 15360 MiB, 7189 MiB, 40 %
2026/09/29 20:42:01.022, Tesla T4, 15360 MiB, 7189 MiB, 48 %
2026/09/29 20:42:01.524, Tesla T4, 15360 MiB, 7189 MiB, 38 %
2026/09/29 20:42:02.025, Tesla T4, 15360 MiB, 7189 MiB, 47 %
2026/09/29 20:42:02.526, Tesla T4, 15360 MiB, 7189 MiB, 53 %
2026/09/29 20:42:03.028, Tesla T4, 15360 MiB, 7189 MiB, 46 %
2026/09/29 20:42:03.530, Tesla T4, 15360 MiB, 7189 MiB, 53 %
2026/09/29 20:42:04.031, Tesla T4, 15360 MiB, 7189 MiB, 51 %
2026/09/29 20:42:04.533, Tesla T4, 15360 MiB, 7189 MiB, 14 %
2026/09/29 20:42:05.034, Tesla T4, 15360 MiB, 7189 MiB, 50 %
2026/09/29 20:42:05.535, Tesla T4, 15360 MiB, 7189 MiB, 44 %
2026/09/29 20:42:06.036, Tesla T4, 15360 MiB, 7189 MiB, 50 %
2026/09/29 20:42:06.538, Tesla T4, 15360 MiB, 7189 MiB, 45 %
2026/09/29 20:42:07.040, Tesla T4, 15360 MiB, 7189 MiB, 38 %
2026/09/29 20:42:07.542, Tesla T4, 15360 MiB, 7189 MiB, 34 %
2026/09/29 20:42:08.044, Tesla T4, 15360 MiB, 7189 MiB, 40 %
2026/09/29 20:42:08.546, Tesla T4, 15360 MiB, 7189 MiB, 35 %
2026/09/29 20:42:09.048, Tesla T4, 15360 MiB, 7189 MiB, 37 %
2026/09/29 20:42:09.551, Tesla T4, 15360 MiB, 7189 MiB, 46 %
2026/09/29 20:42:10.052, Tesla T4, 15360 MiB, 7189 MiB, 40 %
2026/09/29 20:42:10.553, Tesla T4, 15360 MiB, 7189 MiB, 51 %
2026/09/29 20:42:11.054, Tesla T4, 15360 MiB, 7189 MiB, 45 %
2026/09/29 20:42:11.556, Tesla T4, 15360 MiB, 7189 MiB, 39 %
2026/09/29 20:42:12.057, Tesla T4, 15360 MiB, 7189 MiB, 41 %
2026/09/29 20:42:12.558, Tesla T4, 15360 MiB, 7189 MiB, 53 %
2026/09/29 20:42:13.059, Tesla T4, 15360 MiB, 7189 MiB, 40 %
2026/09/29 20:42:13.561, Tesla T4, 15360 MiB, 7189 MiB, 41 %
2026/09/29 20:42:14.062, Tesla T4, 15360 MiB, 7189 MiB, 42 %
2026/09/29 20:42:14.563, Tesla T4, 15360 MiB, 7189 MiB, 59 %
2026/09/29 20:42:15.065, Tesla T4, 15360 MiB, 7189 MiB, 44 %
2026/09/29 20:42:15.566, Tesla T4, 15360 MiB, 7189 MiB, 45 %
2026/09/29 20:42:16.068, Tesla T4, 15360 MiB, 7189 MiB, 52 %
2026/09/29 20:42:16.569, Tesla T4, 15360 MiB, 7189 MiB, 47 %
2026/09/29 20:42:17.071, Tesla T4, 15360 MiB, 7189 MiB, 56 %
2026/09/29 20:42:17.572, Tesla T4, 15360 MiB, 7189 MiB, 55 %
2026/09/29 20:42:18.073, Tesla T4, 15360 MiB, 7189 MiB, 40 %
2026/09/29 20:42:18.574, Tesla T4, 15360 MiB, 7189 MiB, 42 %
2026/09/29 20:42:19.076, Tesla T4, 15360 MiB, 7189 MiB, 60 %
2026/09/29 20:42:19.577, Tesla T4, 15360 MiB, 7189 MiB, 43 %
2026/09/29 20:42:20.078, Tesla T4, 15360 MiB, 7189 MiB, 35 %
2026/09/29 20:42:20.581, Tesla T4, 15360 MiB, 7189 MiB, 41 %
2026/09/29 20:42:21.083, Tesla T4, 15360 MiB, 7189 MiB, 39 %
2026/09/29 20:42:21.585, Tesla T4, 15360 MiB, 7189 MiB, 42 %
2026/09/29 20:42:22.088, Tesla T4, 15360 MiB, 7189 MiB, 36 %
2026/09/29 20:42:22.589, Tesla T4, 15360 MiB, 7189 MiB, 38 %
2026/09/29 20:42:23.091, Tesla T4, 15360 MiB, 7189 MiB, 45 %
2026/09/29 20:42:23.592, Tesla T4, 15360 MiB, 7189 MiB, 65 %
2026/09/29 20:42:24.094, Tesla T4, 15360 MiB, 7189 MiB, 49 %
2026/09/29 20:42:24.595, Tesla T4, 15360 MiB, 7189 MiB, 44 %
2026/09/29 20:42:25.097, Tesla T4, 15360 MiB, 7189 MiB, 47 %
2026/09/29 20:42:25.598, Tesla T4, 15360 MiB, 7189 MiB, 47 %
2026/09/29 20:42:26.101, Tesla T4, 15360 MiB, 7189 MiB, 53 %
2026/09/29 20:42:26.603, Tesla T4, 15360 MiB, 7189 MiB, 48 %
2026/09/29 20:42:27.104, Tesla T4, 15360 MiB, 7189 MiB, 45 %
2026/09/29 20:42:27.606, Tesla T4, 15360 MiB, 7189 MiB, 45 %
2026/09/29 20:42:28.108, Tesla T4, 15360 MiB, 7189 MiB, 71 %
2026/09/29 20:42:28.609, Tesla T4, 15360 MiB, 7189 MiB, 50 %
2026/09/29 20:42:29.110, Tesla T4, 15360 MiB, 7189 MiB, 40 %
2026/09/29 20:42:29.612, Tesla T4, 15360 MiB, 7189 MiB, 39 %
2026/09/29 20:42:30.113, Tesla T4, 15360 MiB, 7189 MiB, 41 %
2026/09/29 20:42:30.614, Tesla T4, 15360 MiB, 7189 MiB, 41 %
2026/09/29 20:42:31.115, Tesla T4, 15360 MiB, 7189 MiB, 43 %
2026/09/29 20:42:31.617, Tesla T4, 15360 MiB, 7189 MiB, 49 %
2026/09/29 20:42:32.118, Tesla T4, 15360 MiB, 7189 MiB, 45 %
2026/09/29 20:42:32.622, Tesla T4, 15360 MiB, 7189 MiB, 47 %
2026/09/29 20:42:33.126, Tesla T4, 15360 MiB, 7189 MiB, 41 %
2026/09/29 20:42:33.629, Tesla T4, 15360 MiB, 7189 MiB, 43 %
2026/09/29 20:42:34.131, Tesla T4, 15360 MiB, 7189 MiB, 44 %
2026/09/29 20:42:34.632, Tesla T4, 15360 MiB, 7189 MiB, 66 %
2026/09/29 20:42:35.139, Tesla T4, 15360 MiB, 7189 MiB, 50 %
2026/09/29 20:42:35.640, Tesla T4, 15360 MiB, 7189 MiB, 39 %
2026/09/29 20:42:36.141, Tesla T4, 15360 MiB, 7189 MiB, 41 %
2026/09/29 20:42:36.643, Tesla T4, 15360 MiB, 7189 MiB, 41 %
2026/09/29 20:42:37.144, Tesla T4, 15360 MiB, 7189 MiB, 58 %
2026/09/29 20:42:37.645, Tesla T4, 15360 MiB, 7189 MiB, 43 %
2026/09/29 20:42:38.147, Tesla T4, 15360 MiB, 7189 MiB, 41 %
2026/09/29 20:42:38.648, Tesla T4, 15360 MiB, 7189 MiB, 44 %
2026/09/29 20:42:39.149, Tesla T4, 15360 MiB, 7189 MiB, 43 %
2026/09/29 20:42:39.651, Tesla T4, 15360 MiB, 7189 MiB, 49 %
2026/09/29 20:42:40.152, Tesla T4, 15360 MiB, 7189 MiB, 40 %
2026/09/29 20:42:40.654, Tesla T4, 15360 MiB, 7189 MiB, 46 %
2026/09/29 20:42:41.155, Tesla T4, 15360 MiB, 7189 MiB, 41 %
2026/09/29 20:42:41.658, Tesla T4, 15360 MiB, 7189 MiB, 46 %
2026/09/29 20:42:42.159, Tesla T4, 15360 MiB, 7189 MiB, 42 %
2026/09/29 20:42:42.661, Tesla T4, 15360 MiB, 7189 MiB, 50 %
2026/09/29 20:42:43.162, Tesla T4, 15360 MiB, 7189 MiB, 47 %
2026/09/29 20:42:43.663, Tesla T4, 15360 MiB, 7189 MiB, 54 %
2026/09/29 20:42:44.164, Tesla T4, 15360 MiB, 7189 MiB, 55 %
2026/09/29 20:42:44.666, Tesla T4, 15360 MiB, 7189 MiB, 41 %
2026/09/29 20:42:45.167, Tesla T4, 15360 MiB, 7189 MiB, 45 %
2026/09/29 20:42:45.668, Tesla T4, 15360 MiB, 7189 MiB, 54 %
2026/09/29 20:42:46.172, Tesla T4, 15360 MiB, 7189 MiB, 41 %
2026/09/29 20:42:46.673, Tesla T4, 15360 MiB, 7189 MiB, 43 %
2026/09/29 20:42:47.176, Tesla T4, 15360 MiB, 7189 MiB, 41 %
2026/09/29 20:42:47.682, Tesla T4, 15360 MiB, 7189 MiB, 41 %
2026/09/29 20:42:48.184, Tesla T4, 15360 MiB, 7189 MiB, 52 %
2026/09/29 20:42:48.686, Tesla T4, 15360 MiB, 7189 MiB, 55 %
2026/09/29 20:42:49.187, Tesla T4, 15360 MiB, 7189 MiB, 50 %
2026/09/29 20:42:49.689, Tesla T4, 15360 MiB, 7189 MiB, 52 %
2026/09/29 20:42:50.190, Tesla T4, 15360 MiB, 7189 MiB, 46 %
2026/09/29 20:42:50.692, Tesla T4, 15360 MiB, 7189 MiB, 52 %
2026/09/29 20:42:51.194, Tesla T4, 15360 MiB, 7189 MiB, 53 %
2026/09/29 20:42:51.695, Tesla T4, 15360 MiB, 7189 MiB, 42 %
2026/09/29 20:42:52.197, Tesla T4, 15360 MiB, 7189 MiB, 42 %
2026/09/29 20:42:52.699, Tesla T4, 15360 MiB, 7189 MiB, 60 %
2026/09/29 20:42:53.201, Tesla T4, 15360 MiB, 7189 MiB, 46 %
2026/09/29 20:42:53.703, Tesla T4, 15360 MiB, 7189 MiB, 39 %
2026/09/29 20:42:54.204, Tesla T4, 15360 MiB, 7189 MiB, 46 %
2026/09/29 20:42:54.705, Tesla T4, 15360 MiB, 7189 MiB, 53 %
2026/09/29 20:42:55.207, Tesla T4, 15360 MiB, 7189 MiB, 45 %
2026/09/29 20:42:55.708, Tesla T4, 15360 MiB, 7189 MiB, 45 %
2026/09/29 20:42:56.209, Tesla T4, 15360 MiB, 7189 MiB, 47 %
2026/09/29 20:42:56.711, Tesla T4, 15360 MiB, 7189 MiB, 46 %
2026/09/29 20:42:57.212, Tesla T4, 15360 MiB, 7189 MiB, 66 %
2026/09/29 20:42:57.714, Tesla T4, 15360 MiB, 7189 MiB, 53 %
2026/09/29 20:42:58.217, Tesla T4, 15360 MiB, 7189 MiB, 40 %
2026/09/29 20:42:58.719, Tesla T4, 15360 MiB, 7189 MiB, 47 %
2026/09/29 20:42:59.221, Tesla T4, 15360 MiB, 7189 MiB, 47 %
2026/09/29 20:42:59.724, Tesla T4, 15360 MiB, 7189 MiB, 51 %
2026/09/29 20:43:00.226, Tesla T4, 15360 MiB, 7189 MiB, 52 %
2026/09/29 20:43:00.730, Tesla T4, 15360 MiB, 7189 MiB, 41 %
2026/09/29 20:43:01.231, Tesla T4, 15360 MiB, 7189 MiB, 50 %
2026/09/29 20:43:01.732, Tesla T4, 15360 MiB, 7189 MiB, 49 %
2026/09/29 20:43:02.235, Tesla T4, 15360 MiB, 7189 MiB, 51 %
2026/09/29 20:43:02.736, Tesla T4, 15360 MiB, 7189 MiB, 40 %
2026/09/29 20:43:03.237, Tesla T4, 15360 MiB, 7189 MiB, 39 %
2026/09/29 20:43:03.739, Tesla T4, 15360 MiB, 7189 MiB, 40 %
2026/09/29 20:43:04.241, Tesla T4, 15360 MiB, 7189 MiB, 39 %
2026/09/29 20:43:04.742, Tesla T4, 15360 MiB, 7189 MiB, 38 %
2026/09/29 20:43:05.243, Tesla T4, 15360 MiB, 7189 MiB, 40 %
2026/09/29 20:43:05.744, Tesla T4, 15360 MiB, 7189 MiB, 42 %
2026/09/29 20:43:06.246, Tesla T4, 15360 MiB, 7189 MiB, 60 %
2026/09/29 20:43:06.747, Tesla T4, 15360 MiB, 7189 MiB, 44 %
2026/09/29 20:43:07.248, Tesla T4, 15360 MiB, 7189 MiB, 37 %
2026/09/29 20:43:07.750, Tesla T4, 15360 MiB, 7189 MiB, 36 %
2026/09/29 20:43:08.251, Tesla T4, 15360 MiB, 7189 MiB, 45 %
2026/09/29 20:43:08.753, Tesla T4, 15360 MiB, 7189 MiB, 36 %
2026/09/29 20:43:09.254, Tesla T4, 15360 MiB, 7189 MiB, 41 %
2026/09/29 20:43:09.755, Tesla T4, 15360 MiB, 7189 MiB, 41 %
2026/09/29 20:43:10.257, Tesla T4, 15360 MiB, 7189 MiB, 44 %
2026/09/29 20:43:10.758, Tesla T4, 15360 MiB, 7189 MiB, 36 %
2026/09/29 20:43:11.259, Tesla T4, 15360 MiB, 7189 MiB, 22 %
2026/09/29 20:43:11.760, Tesla T4, 15360 MiB, 7189 MiB, 37 %
2026/09/29 20:43:12.262, Tesla T4, 15360 MiB, 7189 MiB, 39 %
2026/09/29 20:43:12.763, Tesla T4, 15360 MiB, 7189 MiB, 44 %
2026/09/29 20:43:13.265, Tesla T4, 15360 MiB, 7189 MiB, 33 %
2026/09/29 20:43:13.767, Tesla T4, 15360 MiB, 7189 MiB, 44 %
2026/09/29 20:43:14.269, Tesla T4, 15360 MiB, 7189 MiB, 51 %
2026/09/29 20:43:14.770, Tesla T4, 15360 MiB, 7189 MiB, 45 %
2026/09/29 20:43:15.271, Tesla T4, 15360 MiB, 7189 MiB, 51 %
2026/09/29 20:43:15.773, Tesla T4, 15360 MiB, 7189 MiB, 45 %
2026/09/29 20:43:16.274, Tesla T4, 15360 MiB, 7189 MiB, 45 %
2026/09/29 20:43:16.776, Tesla T4, 15360 MiB, 7189 MiB, 45 %
2026/09/29 20:43:17.277, Tesla T4, 15360 MiB, 7189 MiB, 74 %
2026/09/29 20:43:17.779, Tesla T4, 15360 MiB, 7189 MiB, 50 %
2026/09/29 20:43:18.281, Tesla T4, 15360 MiB, 7189 MiB, 38 %
2026/09/29 20:43:18.782, Tesla T4, 15360 MiB, 7189 MiB, 37 %
2026/09/29 20:43:19.284, Tesla T4, 15360 MiB, 7189 MiB, 41 %
2026/09/29 20:43:19.785, Tesla T4, 15360 MiB, 7189 MiB, 35 %
2026/09/29 20:43:20.287, Tesla T4, 15360 MiB, 7189 MiB, 37 %
2026/09/29 20:43:20.788, Tesla T4, 15360 MiB, 7189 MiB, 39 %
2026/09/29 20:43:21.290, Tesla T4, 15360 MiB, 7189 MiB, 40 %
2026/09/29 20:43:21.791, Tesla T4, 15360 MiB, 7189 MiB, 36 %
2026/09/29 20:43:22.293, Tesla T4, 15360 MiB, 7189 MiB, 37 %
2026/09/29 20:43:22.794, Tesla T4, 15360 MiB, 7189 MiB, 41 %
2026/09/29 20:43:23.295, Tesla T4, 15360 MiB, 7189 MiB, 41 %
2026/09/29 20:43:23.802, Tesla T4, 15360 MiB, 7189 MiB, 37 %
2026/09/29 20:43:24.304, Tesla T4, 15360 MiB, 7189 MiB, 37 %
2026/09/29 20:43:24.805, Tesla T4, 15360 MiB, 7189 MiB, 43 %
2026/09/29 20:43:25.306, Tesla T4, 15360 MiB, 7189 MiB, 42 %
2026/09/29 20:43:25.807, Tesla T4, 15360 MiB, 7189 MiB, 58 %
2026/09/29 20:43:26.310, Tesla T4, 15360 MiB, 7189 MiB, 55 %
2026/09/29 20:43:26.811, Tesla T4, 15360 MiB, 7189 MiB, 45 %
2026/09/29 20:43:27.313, Tesla T4, 15360 MiB, 7189 MiB, 41 %
2026/09/29 20:43:27.814, Tesla T4, 15360 MiB, 7189 MiB, 43 %
2026/09/29 20:43:28.316, Tesla T4, 15360 MiB, 7189 MiB, 65 %
2026/09/29 20:43:28.817, Tesla T4, 15360 MiB, 7189 MiB, 45 %
2026/09/29 20:43:29.318, Tesla T4, 15360 MiB, 7189 MiB, 39 %
2026/09/29 20:43:29.820, Tesla T4, 15360 MiB, 7189 MiB, 42 %
2026/09/29 20:43:30.321, Tesla T4, 15360 MiB, 7189 MiB, 50 %
2026/09/29 20:43:30.822, Tesla T4, 15360 MiB, 7189 MiB, 44 %
2026/09/29 20:43:31.323, Tesla T4, 15360 MiB, 7189 MiB, 46 %
2026/09/29 20:43:31.825, Tesla T4, 15360 MiB, 7189 MiB, 56 %
2026/09/29 20:43:32.326, Tesla T4, 15360 MiB, 7189 MiB, 47 %
2026/09/29 20:43:32.827, Tesla T4, 15360 MiB, 7189 MiB, 55 %
2026/09/29 20:43:33.329, Tesla T4, 15360 MiB, 7189 MiB, 54 %
2026/09/29 20:43:33.831, Tesla T4, 15360 MiB, 7189 MiB, 42 %
2026/09/29 20:43:34.333, Tesla T4, 15360 MiB, 7189 MiB, 44 %
2026/09/29 20:43:34.834, Tesla T4, 15360 MiB, 7189 MiB, 66 %
2026/09/29 20:43:35.335, Tesla T4, 15360 MiB, 7189 MiB, 49 %
2026/09/29 20:43:35.837, Tesla T4, 15360 MiB, 7189 MiB, 41 %
2026/09/29 20:43:36.339, Tesla T4, 15360 MiB, 7189 MiB, 46 %
2026/09/29 20:43:36.841, Tesla T4, 15360 MiB, 7189 MiB, 41 %
2026/09/29 20:43:37.342, Tesla T4, 15360 MiB, 7189 MiB, 46 %
2026/09/29 20:43:37.845, Tesla T4, 15360 MiB, 7189 MiB, 42 %
2026/09/29 20:43:38.347, Tesla T4, 15360 MiB, 7189 MiB, 39 %
2026/09/29 20:43:38.848, Tesla T4, 15360 MiB, 7189 MiB, 45 %
2026/09/29 20:43:39.350, Tesla T4, 15360 MiB, 7189 MiB, 46 %
2026/09/29 20:43:39.851, Tesla T4, 15360 MiB, 7189 MiB, 54 %
2026/09/29 20:43:40.353, Tesla T4, 15360 MiB, 7189 MiB, 57 %
2026/09/29 20:43:40.854, Tesla T4, 15360 MiB, 7189 MiB, 45 %
2026/09/29 20:43:41.355, Tesla T4, 15360 MiB, 7189 MiB, 47 %
2026/09/29 20:43:41.856, Tesla T4, 15360 MiB, 7189 MiB, 46 %
2026/09/29 20:43:42.358, Tesla T4, 15360 MiB, 7189 MiB, 55 %
2026/09/29 20:43:42.859, Tesla T4, 15360 MiB, 7189 MiB, 50 %
2026/09/29 20:43:43.361, Tesla T4, 15360 MiB, 7189 MiB, 49 %
2026/09/29 20:43:43.862, Tesla T4, 15360 MiB, 7189 MiB, 42 %
2026/09/29 20:43:44.364, Tesla T4, 15360 MiB, 7189 MiB, 50 %
2026/09/29 20:43:44.865, Tesla T4, 15360 MiB, 7189 MiB, 48 %
2026/09/29 20:43:45.366, Tesla T4, 15360 MiB, 7189 MiB, 38 %
2026/09/29 20:43:45.868, Tesla T4, 15360 MiB, 7189 MiB, 38 %
2026/09/29 20:43:46.369, Tesla T4, 15360 MiB, 7189 MiB, 38 %
2026/09/29 20:43:46.871, Tesla T4, 15360 MiB, 7189 MiB, 37 %
2026/09/29 20:43:47.372, Tesla T4, 15360 MiB, 7189 MiB, 46 %
2026/09/29 20:43:47.873, Tesla T4, 15360 MiB, 7189 MiB, 54 %
2026/09/29 20:43:48.375, Tesla T4, 15360 MiB, 7189 MiB, 53 %
2026/09/29 20:43:48.878, Tesla T4, 15360 MiB, 7189 MiB, 46 %
2026/09/29 20:43:49.380, Tesla T4, 15360 MiB, 7189 MiB, 48 %
2026/09/29 20:43:49.881, Tesla T4, 15360 MiB, 7189 MiB, 36 %
2026/09/29 20:43:50.382, Tesla T4, 15360 MiB, 7189 MiB, 35 %
2026/09/29 20:43:50.884, Tesla T4, 15360 MiB, 7189 MiB, 35 %
2026/09/29 20:43:51.386, Tesla T4, 15360 MiB, 7189 MiB, 42 %
2026/09/29 20:43:51.887, Tesla T4, 15360 MiB, 7189 MiB, 38 %
2026/09/29 20:43:52.388, Tesla T4, 15360 MiB, 7189 MiB, 45 %
2026/09/29 20:43:52.890, Tesla T4, 15360 MiB, 7189 MiB, 41 %
2026/09/29 20:43:53.392, Tesla T4, 15360 MiB, 7189 MiB, 43 %
2026/09/29 20:43:53.893, Tesla T4, 15360 MiB, 7189 MiB, 42 %
2026/09/29 20:43:54.394, Tesla T4, 15360 MiB, 7189 MiB, 45 %
2026/09/29 20:43:54.896, Tesla T4, 15360 MiB, 7189 MiB, 47 %
2026/09/29 20:43:55.397, Tesla T4, 15360 MiB, 7189 MiB, 66 %
2026/09/29 20:43:55.899, Tesla T4, 15360 MiB, 7189 MiB, 55 %
2026/09/29 20:43:56.400, Tesla T4, 15360 MiB, 7189 MiB, 44 %
2026/09/29 20:43:56.902, Tesla T4, 15360 MiB, 7189 MiB, 52 %
2026/09/29 20:43:57.403, Tesla T4, 15360 MiB, 7189 MiB, 44 %
2026/09/29 20:43:57.906, Tesla T4, 15360 MiB, 7189 MiB, 53 %
2026/09/29 20:43:58.408, Tesla T4, 15360 MiB, 7189 MiB, 49 %
2026/09/29 20:43:58.909, Tesla T4, 15360 MiB, 7189 MiB, 42 %
2026/09/29 20:43:59.411, Tesla T4, 15360 MiB, 7189 MiB, 45 %
2026/09/29 20:43:59.912, Tesla T4, 15360 MiB, 7189 MiB, 65 %
2026/09/29 20:44:00.415, Tesla T4, 15360 MiB, 7189 MiB, 48 %
2026/09/29 20:44:00.917, Tesla T4, 15360 MiB, 7189 MiB, 42 %
2026/09/29 20:44:01.421, Tesla T4, 15360 MiB, 7189 MiB, 40 %
2026/09/29 20:44:01.925, Tesla T4, 15360 MiB, 7189 MiB, 41 %
2026/09/29 20:44:02.431, Tesla T4, 15360 MiB, 7189 MiB, 45 %
2026/09/29 20:44:02.933, Tesla T4, 15360 MiB, 7189 MiB, 35 %
2026/09/29 20:44:03.435, Tesla T4, 15360 MiB, 7189 MiB, 39 %
2026/09/29 20:44:03.937, Tesla T4, 15360 MiB, 7189 MiB, 41 %
2026/09/29 20:44:04.438, Tesla T4, 15360 MiB, 7189 MiB, 77 %
2026/09/29 20:44:04.940, Tesla T4, 15360 MiB, 7189 MiB, 52 %
2026/09/29 20:44:05.442, Tesla T4, 15360 MiB, 7189 MiB, 41 %
2026/09/29 20:44:05.943, Tesla T4, 15360 MiB, 7189 MiB, 42 %
2026/09/29 20:44:06.445, Tesla T4, 15360 MiB, 7189 MiB, 45 %
2026/09/29 20:44:06.947, Tesla T4, 15360 MiB, 7189 MiB, 66 %
2026/09/29 20:44:07.448, Tesla T4, 15360 MiB, 7189 MiB, 51 %
2026/09/29 20:44:07.950, Tesla T4, 15360 MiB, 7189 MiB, 41 %
2026/09/29 20:44:08.451, Tesla T4, 15360 MiB, 7189 MiB, 45 %
2026/09/29 20:44:08.952, Tesla T4, 15360 MiB, 7189 MiB, 45 %
2026/09/29 20:44:09.454, Tesla T4, 15360 MiB, 7189 MiB, 51 %
2026/09/29 20:44:09.955, Tesla T4, 15360 MiB, 7189 MiB, 37 %
2026/09/29 20:44:10.457, Tesla T4, 15360 MiB, 7189 MiB, 37 %
2026/09/29 20:44:10.958, Tesla T4, 15360 MiB, 7189 MiB, 38 %
2026/09/29 20:44:11.459, Tesla T4, 15360 MiB, 7189 MiB, 36 %
2026/09/29 20:44:11.960, Tesla T4, 15360 MiB, 7189 MiB, 36 %
2026/09/29 20:44:12.462, Tesla T4, 15360 MiB, 7189 MiB, 49 %
2026/09/29 20:44:12.964, Tesla T4, 15360 MiB, 7189 MiB, 43 %
2026/09/29 20:44:13.466, Tesla T4, 15360 MiB, 7189 MiB, 47 %
2026/09/29 20:44:13.967, Tesla T4, 15360 MiB, 7189 MiB, 39 %
2026/09/29 20:44:14.468, Tesla T4, 15360 MiB, 7189 MiB, 35 %
2026/09/29 20:44:14.969, Tesla T4, 15360 MiB, 7189 MiB, 34 %
2026/09/29 20:44:15.472, Tesla T4, 15360 MiB, 7189 MiB, 40 %
2026/09/29 20:44:15.975, Tesla T4, 15360 MiB, 7189 MiB, 31 %
2026/09/29 20:44:16.477, Tesla T4, 15360 MiB, 7189 MiB, 7 %
2026/09/29 20:44:16.978, Tesla T4, 15360 MiB, 7189 MiB, 35 %
2026/09/29 20:44:17.479, Tesla T4, 15360 MiB, 7189 MiB, 36 %
2026/09/29 20:44:17.981, Tesla T4, 15360 MiB, 7189 MiB, 42 %
2026/09/29 20:44:18.482, Tesla T4, 15360 MiB, 7189 MiB, 34 %
2026/09/29 20:44:18.983, Tesla T4, 15360 MiB, 7189 MiB, 38 %
2026/09/29 20:44:19.485, Tesla T4, 15360 MiB, 7189 MiB, 39 %
2026/09/29 20:44:19.986, Tesla T4, 15360 MiB, 7189 MiB, 47 %
2026/09/29 20:44:20.487, Tesla T4, 15360 MiB, 7189 MiB, 36 %
2026/09/29 20:44:20.989, Tesla T4, 15360 MiB, 7189 MiB, 37 %
2026/09/29 20:44:21.491, Tesla T4, 15360 MiB, 7189 MiB, 39 %
2026/09/29 20:44:21.992, Tesla T4, 15360 MiB, 7189 MiB, 39 %
2026/09/29 20:44:22.494, Tesla T4, 15360 MiB, 7189 MiB, 39 %
2026/09/29 20:44:22.995, Tesla T4, 15360 MiB, 7189 MiB, 36 %
2026/09/29 20:44:23.498, Tesla T4, 15360 MiB, 7189 MiB, 16 %
2026/09/29 20:44:24.000, Tesla T4, 15360 MiB, 7189 MiB, 54 %
2026/09/29 20:44:24.502, Tesla T4, 15360 MiB, 7189 MiB, 68 %
2026/09/29 20:44:25.003, Tesla T4, 15360 MiB, 7189 MiB, 53 %
2026/09/29 20:44:25.505, Tesla T4, 15360 MiB, 7189 MiB, 42 %
2026/09/29 20:44:26.006, Tesla T4, 15360 MiB, 7189 MiB, 42 %
2026/09/29 20:44:26.508, Tesla T4, 15360 MiB, 7189 MiB, 38 %
2026/09/29 20:44:27.011, Tesla T4, 15360 MiB, 7189 MiB, 63 %
2026/09/29 20:44:27.513, Tesla T4, 15360 MiB, 7189 MiB, 45 %
2026/09/29 20:44:28.014, Tesla T4, 15360 MiB, 7189 MiB, 32 %
2026/09/29 20:44:28.515, Tesla T4, 15360 MiB, 7189 MiB, 35 %
2026/09/29 20:44:29.016, Tesla T4, 15360 MiB, 7189 MiB, 31 %
2026/09/29 20:44:29.518, Tesla T4, 15360 MiB, 7189 MiB, 38 %
2026/09/29 20:44:30.019, Tesla T4, 15360 MiB, 7189 MiB, 38 %
2026/09/29 20:44:30.520, Tesla T4, 15360 MiB, 7189 MiB, 53 %
2026/09/29 20:44:31.022, Tesla T4, 15360 MiB, 7189 MiB, 47 %
2026/09/29 20:44:31.524, Tesla T4, 15360 MiB, 7189 MiB, 61 %
2026/09/29 20:44:32.025, Tesla T4, 15360 MiB, 7189 MiB, 55 %
2026/09/29 20:44:32.527, Tesla T4, 15360 MiB, 7189 MiB, 40 %
2026/09/29 20:44:33.029, Tesla T4, 15360 MiB, 7189 MiB, 43 %
2026/09/29 20:44:33.530, Tesla T4, 15360 MiB, 7189 MiB, 54 %
2026/09/29 20:44:34.032, Tesla T4, 15360 MiB, 7189 MiB, 41 %
2026/09/29 20:44:34.533, Tesla T4, 15360 MiB, 7189 MiB, 39 %
2026/09/29 20:44:35.035, Tesla T4, 15360 MiB, 7189 MiB, 43 %
2026/09/29 20:44:35.536, Tesla T4, 15360 MiB, 7189 MiB, 41 %
2026/09/29 20:44:36.039, Tesla T4, 15360 MiB, 7189 MiB, 42 %
2026/09/29 20:44:36.541, Tesla T4, 15360 MiB, 7189 MiB, 40 %
2026/09/29 20:44:37.042, Tesla T4, 15360 MiB, 7189 MiB, 40 %
2026/09/29 20:44:37.544, Tesla T4, 15360 MiB, 7189 MiB, 40 %
2026/09/29 20:44:38.045, Tesla T4, 15360 MiB, 7189 MiB, 45 %
2026/09/29 20:44:38.547, Tesla T4, 15360 MiB, 7189 MiB, 43 %
2026/09/29 20:44:39.048, Tesla T4, 15360 MiB, 7189 MiB, 45 %
2026/09/29 20:44:39.551, Tesla T4, 15360 MiB, 7189 MiB, 43 %
2026/09/29 20:44:40.056, Tesla T4, 15360 MiB, 7189 MiB, 59 %
2026/09/29 20:44:40.559, Tesla T4, 15360 MiB, 7189 MiB, 52 %
2026/09/29 20:44:41.061, Tesla T4, 15360 MiB, 7189 MiB, 23 %
2026/09/29 20:44:41.565, Tesla T4, 15360 MiB, 7189 MiB, 37 %
2026/09/29 20:44:42.069, Tesla T4, 15360 MiB, 7189 MiB, 46 %
2026/09/29 20:44:42.570, Tesla T4, 15360 MiB, 7189 MiB, 74 %
2026/09/29 20:44:43.072, Tesla T4, 15360 MiB, 7189 MiB, 54 %
2026/09/29 20:44:43.573, Tesla T4, 15360 MiB, 7189 MiB, 38 %
2026/09/29 20:44:44.075, Tesla T4, 15360 MiB, 7189 MiB, 40 %
2026/09/29 20:44:44.576, Tesla T4, 15360 MiB, 7189 MiB, 40 %
2026/09/29 20:44:45.077, Tesla T4, 15360 MiB, 7189 MiB, 42 %
2026/09/29 20:44:45.579, Tesla T4, 15360 MiB, 7189 MiB, 40 %
2026/09/29 20:44:46.081, Tesla T4, 15360 MiB, 7189 MiB, 42 %
2026/09/29 20:44:46.582, Tesla T4, 15360 MiB, 7189 MiB, 44 %
2026/09/29 20:44:47.084, Tesla T4, 15360 MiB, 7189 MiB, 66 %
2026/09/29 20:44:47.585, Tesla T4, 15360 MiB, 7189 MiB, 49 %
2026/09/29 20:44:48.086, Tesla T4, 15360 MiB, 7189 MiB, 41 %
2026/09/29 20:44:48.587, Tesla T4, 15360 MiB, 7189 MiB, 42 %
2026/09/29 20:44:49.089, Tesla T4, 15360 MiB, 7189 MiB, 58 %
2026/09/29 20:44:49.590, Tesla T4, 15360 MiB, 7189 MiB, 44 %
2026/09/29 20:44:50.092, Tesla T4, 15360 MiB, 7189 MiB, 45 %
2026/09/29 20:44:50.594, Tesla T4, 15360 MiB, 7189 MiB, 50 %
2026/09/29 20:44:51.095, Tesla T4, 15360 MiB, 7189 MiB, 46 %
2026/09/29 20:44:51.598, Tesla T4, 15360 MiB, 7189 MiB, 54 %
2026/09/29 20:44:52.100, Tesla T4, 15360 MiB, 7189 MiB, 47 %
2026/09/29 20:44:52.601, Tesla T4, 15360 MiB, 7189 MiB, 44 %
2026/09/29 20:44:53.103, Tesla T4, 15360 MiB, 7189 MiB, 42 %
2026/09/29 20:44:53.605, Tesla T4, 15360 MiB, 7189 MiB, 64 %
2026/09/29 20:44:54.113, Tesla T4, 15360 MiB, 7189 MiB, 49 %
2026/09/29 20:44:54.615, Tesla T4, 15360 MiB, 7189 MiB, 49 %
2026/09/29 20:44:55.116, Tesla T4, 15360 MiB, 7189 MiB, 46 %
2026/09/29 20:44:55.617, Tesla T4, 15360 MiB, 7189 MiB, 47 %
2026/09/29 20:44:56.119, Tesla T4, 15360 MiB, 7189 MiB, 65 %
2026/09/29 20:44:56.621, Tesla T4, 15360 MiB, 7189 MiB, 53 %
2026/09/29 20:44:57.122, Tesla T4, 15360 MiB, 7189 MiB, 46 %
2026/09/29 20:44:57.623, Tesla T4, 15360 MiB, 7189 MiB, 51 %
2026/09/29 20:44:58.125, Tesla T4, 15360 MiB, 7189 MiB, 45 %
2026/09/29 20:44:58.626, Tesla T4, 15360 MiB, 7189 MiB, 50 %
2026/09/29 20:44:59.128, Tesla T4, 15360 MiB, 7189 MiB, 50 %
2026/09/29 20:44:59.629, Tesla T4, 15360 MiB, 7189 MiB, 44 %
2026/09/29 20:45:00.130, Tesla T4, 15360 MiB, 7189 MiB, 45 %
2026/09/29 20:45:00.631, Tesla T4, 15360 MiB, 7189 MiB, 73 %
2026/09/29 20:45:01.133, Tesla T4, 15360 MiB, 7189 MiB, 53 %
2026/09/29 20:45:01.635, Tesla T4, 15360 MiB, 7189 MiB, 44 %
2026/09/29 20:45:02.136, Tesla T4, 15360 MiB, 7189 MiB, 51 %
2026/09/29 20:45:02.638, Tesla T4, 15360 MiB, 7189 MiB, 45 %
2026/09/29 20:45:03.139, Tesla T4, 15360 MiB, 7189 MiB, 52 %
2026/09/29 20:45:03.640, Tesla T4, 15360 MiB, 7189 MiB, 46 %
2026/09/29 20:45:04.141, Tesla T4, 15360 MiB, 7189 MiB, 43 %
2026/09/29 20:45:04.643, Tesla T4, 15360 MiB, 7189 MiB, 38 %
2026/09/29 20:45:05.145, Tesla T4, 15360 MiB, 7189 MiB, 63 %
2026/09/29 20:45:05.646, Tesla T4, 15360 MiB, 7189 MiB, 45 %
2026/09/29 20:45:06.147, Tesla T4, 15360 MiB, 7189 MiB, 42 %
2026/09/29 20:45:06.650, Tesla T4, 15360 MiB, 7189 MiB, 47 %
2026/09/29 20:45:07.152, Tesla T4, 15360 MiB, 7189 MiB, 39 %
2026/09/29 20:45:07.656, Tesla T4, 15360 MiB, 7189 MiB, 50 %
2026/09/29 20:45:08.159, Tesla T4, 15360 MiB, 7189 MiB, 50 %
2026/09/29 20:45:08.661, Tesla T4, 15360 MiB, 7189 MiB, 46 %
2026/09/29 20:45:09.162, Tesla T4, 15360 MiB, 7189 MiB, 51 %
2026/09/29 20:45:09.663, Tesla T4, 15360 MiB, 7189 MiB, 72 %
2026/09/29 20:45:10.166, Tesla T4, 15360 MiB, 7189 MiB, 53 %
2026/09/29 20:45:10.668, Tesla T4, 15360 MiB, 7189 MiB, 56 %
2026/09/29 20:45:11.170, Tesla T4, 15360 MiB, 7189 MiB, 41 %
2026/09/29 20:45:11.671, Tesla T4, 15360 MiB, 7189 MiB, 43 %
2026/09/29 20:45:12.173, Tesla T4, 15360 MiB, 7189 MiB, 65 %
2026/09/29 20:45:12.674, Tesla T4, 15360 MiB, 7189 MiB, 49 %
2026/09/29 20:45:13.176, Tesla T4, 15360 MiB, 7189 MiB, 39 %
2026/09/29 20:45:13.677, Tesla T4, 15360 MiB, 7189 MiB, 42 %
2026/09/29 20:45:14.179, Tesla T4, 15360 MiB, 7189 MiB, 52 %
2026/09/29 20:45:14.680, Tesla T4, 15360 MiB, 7189 MiB, 41 %
2026/09/29 20:45:15.181, Tesla T4, 15360 MiB, 7189 MiB, 40 %
2026/09/29 20:45:15.683, Tesla T4, 15360 MiB, 7189 MiB, 44 %
2026/09/29 20:45:16.184, Tesla T4, 15360 MiB, 7189 MiB, 40 %
2026/09/29 20:45:16.685, Tesla T4, 15360 MiB, 7189 MiB, 43 %
2026/09/29 20:45:17.187, Tesla T4, 15360 MiB, 7189 MiB, 37 %
2026/09/29 20:45:17.689, Tesla T4, 15360 MiB, 7189 MiB, 40 %
2026/09/29 20:45:18.190, Tesla T4, 15360 MiB, 7189 MiB, 44 %
2026/09/29 20:45:18.694, Tesla T4, 15360 MiB, 7189 MiB, 64 %
2026/09/29 20:45:19.196, Tesla T4, 15360 MiB, 7189 MiB, 49 %
2026/09/29 20:45:19.700, Tesla T4, 15360 MiB, 7189 MiB, 42 %
2026/09/29 20:45:20.202, Tesla T4, 15360 MiB, 7189 MiB, 44 %
2026/09/29 20:45:20.703, Tesla T4, 15360 MiB, 7189 MiB, 45 %
2026/09/29 20:45:21.204, Tesla T4, 15360 MiB, 7189 MiB, 58 %
2026/09/29 20:45:21.706, Tesla T4, 15360 MiB, 7189 MiB, 50 %
2026/09/29 20:45:22.207, Tesla T4, 15360 MiB, 7189 MiB, 43 %
2026/09/29 20:45:22.708, Tesla T4, 15360 MiB, 7189 MiB, 50 %
2026/09/29 20:45:23.209, Tesla T4, 15360 MiB, 7189 MiB, 61 %
2026/09/29 20:45:23.711, Tesla T4, 15360 MiB, 7189 MiB, 51 %
2026/09/29 20:45:24.213, Tesla T4, 15360 MiB, 7189 MiB, 40 %
2026/09/29 20:45:24.714, Tesla T4, 15360 MiB, 7189 MiB, 40 %
2026/09/29 20:45:25.215, Tesla T4, 15360 MiB, 7189 MiB, 42 %
2026/09/29 20:45:25.717, Tesla T4, 15360 MiB, 7189 MiB, 43 %
2026/09/29 20:45:26.219, Tesla T4, 15360 MiB, 7189 MiB, 41 %
2026/09/29 20:45:26.720, Tesla T4, 15360 MiB, 7189 MiB, 40 %
2026/09/29 20:45:27.221, Tesla T4, 15360 MiB, 7189 MiB, 43 %
2026/09/29 20:45:27.723, Tesla T4, 15360 MiB, 7189 MiB, 61 %
2026/09/29 20:45:28.224, Tesla T4, 15360 MiB, 7189 MiB, 44 %
2026/09/29 20:45:28.725, Tesla T4, 15360 MiB, 7189 MiB, 46 %
2026/09/29 20:45:29.227, Tesla T4, 15360 MiB, 7189 MiB, 48 %
2026/09/29 20:45:29.728, Tesla T4, 15360 MiB, 7189 MiB, 50 %
2026/09/29 20:45:30.231, Tesla T4, 15360 MiB, 7189 MiB, 51 %
2026/09/29 20:45:30.733, Tesla T4, 15360 MiB, 7189 MiB, 46 %
2026/09/29 20:45:31.234, Tesla T4, 15360 MiB, 7189 MiB, 39 %
2026/09/29 20:45:31.738, Tesla T4, 15360 MiB, 7189 MiB, 37 %
2026/09/29 20:45:32.241, Tesla T4, 15360 MiB, 7189 MiB, 45 %
2026/09/29 20:45:32.743, Tesla T4, 15360 MiB, 7189 MiB, 41 %
2026/09/29 20:45:33.244, Tesla T4, 15360 MiB, 7189 MiB, 44 %
2026/09/29 20:45:33.746, Tesla T4, 15360 MiB, 7189 MiB, 51 %
2026/09/29 20:45:34.247, Tesla T4, 15360 MiB, 7189 MiB, 46 %
2026/09/29 20:45:34.750, Tesla T4, 15360 MiB, 7189 MiB, 52 %
2026/09/29 20:45:35.251, Tesla T4, 15360 MiB, 7189 MiB, 36 %
2026/09/29 20:45:35.752, Tesla T4, 15360 MiB, 7189 MiB, 46 %
2026/09/29 20:45:36.254, Tesla T4, 15360 MiB, 7189 MiB, 47 %
2026/09/29 20:45:36.755, Tesla T4, 15360 MiB, 7189 MiB, 74 %
2026/09/29 20:45:37.257, Tesla T4, 15360 MiB, 7189 MiB, 55 %
2026/09/29 20:45:37.758, Tesla T4, 15360 MiB, 7189 MiB, 45 %
2026/09/29 20:45:38.259, Tesla T4, 15360 MiB, 7189 MiB, 53 %
2026/09/29 20:45:38.761, Tesla T4, 15360 MiB, 7189 MiB, 47 %
2026/09/29 20:45:39.262, Tesla T4, 15360 MiB, 7189 MiB, 52 %
2026/09/29 20:45:39.764, Tesla T4, 15360 MiB, 7189 MiB, 54 %
2026/09/29 20:45:40.265, Tesla T4, 15360 MiB, 7189 MiB, 40 %
2026/09/29 20:45:40.766, Tesla T4, 15360 MiB, 7189 MiB, 41 %
2026/09/29 20:45:41.268, Tesla T4, 15360 MiB, 7189 MiB, 43 %
2026/09/29 20:45:41.769, Tesla T4, 15360 MiB, 7189 MiB, 42 %
2026/09/29 20:45:42.271, Tesla T4, 15360 MiB, 7189 MiB, 40 %
2026/09/29 20:45:42.772, Tesla T4, 15360 MiB, 7189 MiB, 36 %
2026/09/29 20:45:43.273, Tesla T4, 15360 MiB, 7189 MiB, 57 %
2026/09/29 20:45:43.777, Tesla T4, 15360 MiB, 7189 MiB, 41 %
2026/09/29 20:45:44.278, Tesla T4, 15360 MiB, 7189 MiB, 28 %
2026/09/29 20:45:44.780, Tesla T4, 15360 MiB, 7189 MiB, 37 %
2026/09/29 20:45:45.284, Tesla T4, 15360 MiB, 7189 MiB, 36 %
2026/09/29 20:45:45.785, Tesla T4, 15360 MiB, 7189 MiB, 38 %
2026/09/29 20:45:46.286, Tesla T4, 15360 MiB, 7189 MiB, 36 %
2026/09/29 20:45:46.787, Tesla T4, 15360 MiB, 7189 MiB, 38 %
2026/09/29 20:45:47.289, Tesla T4, 15360 MiB, 7189 MiB, 39 %
2026/09/29 20:45:47.790, Tesla T4, 15360 MiB, 7189 MiB, 37 %
2026/09/29 20:45:48.291, Tesla T4, 15360 MiB, 7189 MiB, 1 %
